customer_id,city,hotel_type,room_type,booking_channel,previous_bookings,previous_cancellations,completed_stays,cancellation_rate,average_previous_booking_value_inr,current_booking_value_inr,lead_time_days,length_of_stay,number_of_guests,booking_month,customer_tenure_days,previous_retention_offers,previous_offer_acceptance_rate,payment_type,weekend_booking,cancelled
customer_0000,Delhi,leisure,standard,corporate,1,0,1,0.0,3959,10943,93,4,4,9,1141,2,0.12811363267554587,card,True,0
customer_0001,Pune,leisure,deluxe,ota,6,2,4,0.3333333333333333,9482,15055,94,2,1,7,1331,0,0.8276311719925821,prepaid,True,0
customer_0002,Goa,leisure,suite,corporate,10,4,6,0.4,5516,11190,43,3,2,6,65,2,0.6830489532424546,prepaid,True,0
customer_0003,Chennai,leisure,standard,direct,11,1,10,0.09090909090909091,9675,9723,109,1,3,6,495,0,0.6698139946825103,card,False,0
customer_0004,Hyderabad,leisure,suite,corporate,9,1,8,0.1111111111111111,8505,17472,85,7,2,3,1023,2,0.19990820247510832,prepaid,True,0
customer_0005,Goa,business,suite,ota,0,0,0,0.0,11112,15464,94,4,3,7,55,0,0.11453007353597344,pay_at_hotel,True,0
customer_0006,Jaipur,leisure,standard,ota,12,3,9,0.25,11167,13704,68,6,2,8,46,1,0.2145846728195292,pay_at_hotel,False,0
customer_0007,Bengaluru,leisure,standard,corporate,6,0,6,0.0,9231,3636,99,5,1,7,757,3,0.6643135403273875,pay_at_hotel,False,0
customer_0008,Goa,leisure,suite,direct,4,0,4,0.0,9659,4569,21,6,1,11,751,3,0.696320375077736,prepaid,False,0
customer_0009,Hyderabad,leisure,standard,ota,6,0,6,0.0,7810,14790,83,1,2,12,549,3,0.6997071338107496,pay_at_hotel,False,0
customer_0010,Goa,business,standard,ota,3,1,2,0.3333333333333333,3994,17885,94,4,4,2,683,2,0.3059566241506525,prepaid,True,1
customer_0011,Goa,leisure,deluxe,ota,8,2,6,0.25,7284,17291,3,5,1,8,142,2,0.08444432113988909,card,False,1
customer_0012,Goa,business,standard,direct,2,0,2,0.0,11608,15381,60,6,1,4,1387,3,0.34686980453483707,pay_at_hotel,True,1
customer_0013,Pune,business,standard,ota,8,3,5,0.375,6775,11904,51,4,3,6,661,3,0.5717280523760754,pay_at_hotel,False,1
customer_0014,Bengaluru,business,deluxe,ota,14,2,12,0.14285714285714285,15307,19070,40,1,4,7,210,1,0.10857574113544355,pay_at_hotel,True,1
customer_0015,Goa,business,standard,corporate,10,2,8,0.2,12026,16676,88,7,4,3,354,0,0.5548524693914834,pay_at_hotel,False,0
customer_0016,Jaipur,business,deluxe,corporate,6,0,6,0.0,10483,6453,97,7,2,12,1404,0,0.04491061939232899,prepaid,False,0
customer_0017,Kolkata,business,suite,corporate,6,2,4,0.3333333333333333,4297,17097,11,4,2,4,33,3,0.6616612631677611,pay_at_hotel,False,1
customer_0018,Kolkata,business,standard,corporate,11,1,10,0.09090909090909091,4402,2603,90,1,4,11,229,2,0.5993827915208435,prepaid,True,1
customer_0019,Kolkata,business,deluxe,direct,13,1,12,0.07692307692307693,9222,17659,120,2,4,1,261,0,0.13182221778652103,prepaid,True,1
customer_0020,Hyderabad,business,suite,ota,4,1,3,0.25,14963,17440,61,1,3,2,1108,3,0.12375380365034461,prepaid,True,0
customer_0021,Jaipur,business,suite,ota,13,1,12,0.07692307692307693,10575,12027,16,3,4,12,748,0,0.5551980423268247,prepaid,True,1
customer_0022,Mumbai,leisure,standard,corporate,10,1,9,0.1,16961,2626,17,6,4,6,701,2,0.017836783976987736,card,True,0
customer_0023,Chennai,leisure,deluxe,ota,1,0,1,0.0,16964,7036,56,7,4,8,434,1,0.3741840434071827,card,False,0
customer_0024,Bengaluru,business,suite,direct,14,2,12,0.14285714285714285,14063,12854,105,6,4,12,157,3,0.5944336637564518,prepaid,False,0
customer_0025,Kolkata,leisure,standard,corporate,2,0,2,0.0,4915,5305,111,2,3,2,683,0,0.021148016336440034,card,False,1
customer_0026,Pune,business,suite,corporate,12,2,10,0.16666666666666666,7428,12561,7,7,3,9,1312,3,0.04347506201279194,card,False,0
customer_0027,Hyderabad,business,standard,corporate,2,0,2,0.0,2609,13639,78,3,4,7,1340,0,0.8334585537885597,prepaid,False,0
customer_0028,Bengaluru,leisure,standard,corporate,10,3,7,0.3,14931,18113,12,5,4,8,963,2,0.13455220841314708,card,True,0
customer_0029,Hyderabad,leisure,deluxe,corporate,8,2,6,0.25,6371,11524,101,2,1,2,650,1,0.416889368594885,pay_at_hotel,False,0
customer_0030,Mumbai,leisure,standard,ota,7,1,6,0.14285714285714285,7101,10960,44,6,4,9,1374,3,0.3283612050046888,pay_at_hotel,False,0
customer_0031,Chennai,leisure,deluxe,ota,8,2,6,0.25,3623,18185,25,3,1,9,52,0,0.6947981288184982,pay_at_hotel,True,1
customer_0032,Jaipur,business,deluxe,corporate,14,1,13,0.07142857142857142,17007,14626,74,6,1,12,1438,0,0.5936820044663541,card,False,0
customer_0033,Jaipur,business,standard,corporate,11,4,7,0.36363636363636365,10568,7440,11,5,1,3,194,2,0.5724305140338497,pay_at_hotel,False,0
customer_0034,Bengaluru,leisure,standard,ota,10,3,7,0.3,16934,12595,92,6,1,10,175,2,0.6578632850405278,prepaid,True,0
customer_0035,Kolkata,leisure,suite,corporate,6,1,5,0.16666666666666666,12334,9005,88,2,4,5,798,1,0.15761164862499966,card,False,0
customer_0036,Mumbai,leisure,suite,corporate,8,1,7,0.125,17010,4994,53,3,4,8,719,0,0.986631544924322,pay_at_hotel,False,0
customer_0037,Jaipur,business,standard,corporate,10,0,10,0.0,9911,19085,33,5,1,9,816,0,0.45431796184174655,card,True,0
customer_0038,Chennai,leisure,suite,direct,14,2,12,0.14285714285714285,14610,2735,56,4,1,5,1495,0,0.28390843786403896,card,True,1
customer_0039,Jaipur,leisure,standard,direct,12,7,5,0.5833333333333334,13051,15480,3,7,4,1,368,0,0.143021875166635,card,True,1
customer_0040,Kolkata,business,standard,ota,0,0,0,0.0,2584,8133,110,2,1,10,908,3,0.23855282062738847,card,False,1
customer_0041,Goa,leisure,suite,direct,12,3,9,0.25,15206,20592,117,6,2,1,684,0,0.12492367930564308,card,True,0
customer_0042,Pune,leisure,standard,direct,8,2,6,0.25,5492,11251,76,1,2,2,1064,2,0.6115436059770696,card,True,0
customer_0043,Pune,business,suite,direct,0,0,0,0.0,8879,3325,1,2,2,2,1155,0,0.9800271795541925,pay_at_hotel,False,0
customer_0044,Bengaluru,leisure,deluxe,direct,3,0,3,0.0,7170,11207,77,3,3,7,1049,1,0.9405944096955184,pay_at_hotel,False,0
customer_0045,Mumbai,leisure,standard,direct,2,0,2,0.0,17191,11746,110,2,1,4,922,1,0.6109875470366283,pay_at_hotel,True,0
customer_0046,Jaipur,business,suite,ota,2,0,2,0.0,3058,21008,50,3,2,6,711,0,0.5724579331221157,prepaid,False,0
customer_0047,Bengaluru,business,suite,ota,8,2,6,0.25,7811,15222,71,4,1,6,794,2,0.3606573344502543,card,True,0
customer_0048,Goa,leisure,standard,ota,8,3,5,0.375,14897,19079,107,2,2,7,1256,1,0.11585672433526839,pay_at_hotel,False,0
customer_0049,Hyderabad,business,standard,ota,1,0,1,0.0,13827,7971,10,3,1,9,1354,0,0.8271734245206864,card,True,0
customer_0050,Chennai,business,deluxe,direct,10,2,8,0.2,17355,15534,19,1,4,6,1158,1,0.6876650491660925,prepaid,False,0
customer_0051,Mumbai,leisure,deluxe,corporate,10,2,8,0.2,9734,2709,41,2,3,2,626,3,0.9891330026836055,card,True,0
customer_0052,Pune,business,standard,ota,12,1,11,0.08333333333333333,3740,12306,119,6,4,1,650,1,0.15067297381324019,pay_at_hotel,False,0
customer_0053,Bengaluru,business,deluxe,direct,2,0,2,0.0,17931,7040,76,5,3,6,20,0,0.24366745405571355,card,True,0
customer_0054,Jaipur,business,suite,corporate,8,2,6,0.25,8182,17991,78,6,3,11,507,3,0.48257250858729395,card,True,0
customer_0055,Jaipur,business,suite,direct,11,2,9,0.18181818181818182,8455,20236,52,3,3,6,1271,2,0.10497971589607058,prepaid,False,0
customer_0056,Bengaluru,business,standard,ota,9,0,9,0.0,2884,2666,76,5,4,9,672,1,0.5984771915577366,prepaid,True,1
customer_0057,Jaipur,leisure,suite,ota,0,0,0,0.0,14942,16209,21,5,4,6,1477,3,0.9033278719640531,pay_at_hotel,True,0
customer_0058,Chennai,leisure,suite,direct,9,3,6,0.3333333333333333,9321,3946,94,5,3,12,981,1,0.9845780814316246,card,False,0
customer_0059,Mumbai,business,standard,direct,4,1,3,0.25,10376,9256,77,6,4,6,1312,3,0.46497345619365305,prepaid,True,0
customer_0060,Chennai,leisure,standard,ota,1,0,1,0.0,16832,6827,96,4,4,3,55,0,0.04869847231385127,pay_at_hotel,False,0
customer_0061,Pune,leisure,suite,direct,1,0,1,0.0,8598,17587,79,6,2,1,1361,0,0.6218977733752458,prepaid,True,1
customer_0062,Goa,business,suite,direct,14,3,11,0.21428571428571427,16382,12846,62,5,3,4,356,1,0.3480314234095143,card,True,0
customer_0063,Bengaluru,leisure,suite,direct,12,2,10,0.16666666666666666,15928,10240,54,2,3,2,1012,1,0.7176391476415676,pay_at_hotel,True,0
customer_0064,Mumbai,leisure,standard,direct,9,1,8,0.1111111111111111,17962,12916,36,6,3,9,892,0,0.9152987602855548,pay_at_hotel,False,1
customer_0065,Mumbai,leisure,standard,ota,7,1,6,0.14285714285714285,7178,3809,10,4,4,8,1321,1,0.4203817715052771,card,True,0
customer_0066,Hyderabad,business,deluxe,corporate,7,0,7,0.0,7542,9260,65,7,4,4,794,3,0.5907447941637661,card,True,0
customer_0067,Mumbai,business,suite,direct,9,1,8,0.1111111111111111,2523,8788,36,2,1,7,375,3,0.7838241093757136,pay_at_hotel,False,0
customer_0068,Goa,leisure,standard,corporate,14,3,11,0.21428571428571427,14707,7485,120,4,1,3,843,1,0.6529221265639984,prepaid,False,0
customer_0069,Kolkata,leisure,standard,corporate,14,2,12,0.14285714285714285,7051,3198,17,1,1,3,858,0,0.45511784241176234,prepaid,True,0
customer_0070,Jaipur,business,suite,direct,0,0,0,0.0,3438,19113,7,7,3,6,310,3,0.3941257771780975,prepaid,False,1
customer_0071,Delhi,business,deluxe,direct,6,0,6,0.0,6759,19323,50,4,1,4,615,1,0.7805811375265843,pay_at_hotel,True,0
customer_0072,Pune,leisure,deluxe,ota,3,0,3,0.0,6037,20326,39,6,2,3,1395,1,0.4607696052395662,prepaid,True,1
customer_0073,Kolkata,business,standard,direct,10,0,10,0.0,16959,5195,39,2,4,1,230,0,0.6201492866282963,pay_at_hotel,False,0
customer_0074,Bengaluru,leisure,deluxe,direct,3,1,2,0.3333333333333333,12096,12132,71,4,1,11,1159,3,0.2542634837541573,card,False,0
customer_0075,Hyderabad,leisure,suite,direct,13,2,11,0.15384615384615385,4801,21700,110,3,3,10,169,2,0.21635569522540143,pay_at_hotel,False,1
customer_0076,Hyderabad,business,suite,ota,12,0,12,0.0,5065,16849,10,5,3,11,1062,1,0.31715317112997876,card,False,0
customer_0077,Goa,business,standard,corporate,13,1,12,0.07692307692307693,14812,5302,94,4,1,12,397,0,0.016579801897556923,pay_at_hotel,True,0
customer_0078,Hyderabad,leisure,standard,corporate,5,2,3,0.4,12137,4276,16,2,2,9,75,1,0.294755193202763,pay_at_hotel,False,0
customer_0079,Bengaluru,leisure,suite,direct,9,0,9,0.0,15504,14116,7,2,3,8,277,2,0.3961665000592489,card,True,0
customer_0080,Mumbai,business,suite,corporate,11,3,8,0.2727272727272727,10476,16493,69,7,1,1,1194,1,0.4079614303605652,pay_at_hotel,True,0
customer_0081,Mumbai,business,suite,ota,1,0,1,0.0,6613,15810,20,2,3,3,1379,3,0.9125827441419312,prepaid,False,0
customer_0082,Hyderabad,leisure,standard,ota,13,4,9,0.3076923076923077,13996,15094,89,5,3,7,1174,3,0.10461509680477521,pay_at_hotel,True,0
customer_0083,Mumbai,business,suite,direct,13,3,10,0.23076923076923078,9565,4447,61,1,1,12,1482,1,0.7193125336908236,card,True,0
customer_0084,Hyderabad,business,standard,ota,9,2,7,0.2222222222222222,11827,13642,39,5,4,7,701,0,0.3772059828830039,prepaid,False,1
customer_0085,Hyderabad,business,suite,direct,5,0,5,0.0,13772,15848,37,2,1,2,709,3,0.88103605191787,pay_at_hotel,False,0
customer_0086,Chennai,business,standard,ota,14,2,12,0.14285714285714285,3200,3612,23,1,2,2,1438,0,0.4955065566286184,pay_at_hotel,True,0
customer_0087,Pune,leisure,suite,direct,1,0,1,0.0,4130,17413,38,7,3,12,532,3,0.07182214050288438,pay_at_hotel,False,0
customer_0088,Goa,leisure,deluxe,corporate,3,0,3,0.0,10906,18421,67,4,1,1,379,1,0.8519331577947986,prepaid,False,0
customer_0089,Hyderabad,business,suite,corporate,8,1,7,0.125,2967,9739,102,6,1,3,905,3,0.1206553374436864,prepaid,True,1
customer_0090,Jaipur,business,standard,direct,5,2,3,0.4,9472,14545,32,2,1,11,1065,0,0.8745751398555718,card,True,0
customer_0091,Mumbai,business,suite,direct,5,0,5,0.0,3651,7273,40,7,1,10,492,2,0.4906079155118719,pay_at_hotel,True,0
customer_0092,Mumbai,leisure,standard,direct,12,1,11,0.08333333333333333,9971,9514,53,6,4,2,245,1,0.20771725335153923,pay_at_hotel,False,1
customer_0093,Bengaluru,leisure,deluxe,direct,3,0,3,0.0,3612,20378,19,4,4,5,792,2,0.18723894461534152,card,True,0
customer_0094,Pune,leisure,suite,direct,12,2,10,0.16666666666666666,7791,18864,89,4,1,12,513,0,0.6227087449882082,card,False,0
customer_0095,Hyderabad,business,deluxe,ota,11,1,10,0.09090909090909091,14186,20513,26,1,3,12,420,1,0.06206310654015523,pay_at_hotel,False,1
customer_0096,Mumbai,leisure,deluxe,ota,6,1,5,0.16666666666666666,7446,12186,19,3,3,9,691,1,0.5996953567159904,pay_at_hotel,False,0
customer_0097,Goa,leisure,suite,direct,7,1,6,0.14285714285714285,11546,5956,67,1,4,6,434,3,0.7496186189228675,prepaid,True,0
customer_0098,Goa,business,suite,corporate,11,1,10,0.09090909090909091,13946,9543,80,3,2,11,842,0,0.5089341517513543,card,True,0
customer_0099,Hyderabad,business,deluxe,corporate,13,2,11,0.15384615384615385,6507,9176,49,1,4,2,487,2,0.6555177383430523,card,True,1
customer_0100,Kolkata,leisure,suite,corporate,13,1,12,0.07692307692307693,6323,5667,40,7,3,3,194,3,0.13865449623341952,prepaid,False,0
customer_0101,Chennai,leisure,suite,corporate,4,2,2,0.5,14420,6449,89,7,3,8,1118,1,0.6254781569139363,prepaid,False,0
customer_0102,Chennai,business,suite,direct,7,1,6,0.14285714285714285,16064,13117,48,7,3,5,665,0,0.8539843761472291,card,False,0
customer_0103,Hyderabad,leisure,standard,corporate,4,0,4,0.0,8743,14827,54,7,4,12,474,3,0.9782044307645613,prepaid,True,0
customer_0104,Goa,business,deluxe,ota,3,0,3,0.0,12494,14711,92,5,2,4,386,1,0.4099823882250432,pay_at_hotel,False,0
customer_0105,Delhi,business,deluxe,ota,3,1,2,0.3333333333333333,9544,5770,69,6,1,11,351,0,0.7743359011830512,pay_at_hotel,False,0
customer_0106,Delhi,business,deluxe,direct,6,0,6,0.0,12104,20945,120,7,4,4,1471,2,0.13799751734790533,prepaid,True,1
customer_0107,Mumbai,leisure,suite,ota,11,3,8,0.2727272727272727,11422,15437,27,2,1,6,759,2,0.5007661490802783,prepaid,True,0
customer_0108,Delhi,leisure,standard,corporate,0,0,0,0.0,3975,2963,120,5,3,2,1464,1,0.4612088858375738,prepaid,False,1
customer_0109,Pune,leisure,suite,direct,6,1,5,0.16666666666666666,16544,9390,92,6,4,5,592,1,0.7488207796670548,card,True,0
customer_0110,Kolkata,business,standard,corporate,3,0,3,0.0,4879,13612,108,3,3,4,101,2,0.0005187441657055203,prepaid,False,0
customer_0111,Pune,business,standard,corporate,6,0,6,0.0,2908,15219,41,2,1,11,402,3,0.5389417662641869,pay_at_hotel,True,1
customer_0112,Bengaluru,leisure,standard,direct,6,1,5,0.16666666666666666,10314,13957,48,4,4,9,697,1,0.21918921647863232,pay_at_hotel,True,0
customer_0113,Mumbai,business,standard,ota,3,0,3,0.0,3181,4176,92,6,1,5,1048,3,0.13721125779061238,card,True,0
customer_0114,Kolkata,leisure,deluxe,corporate,13,4,9,0.3076923076923077,5480,21083,48,5,1,6,984,3,0.7347251307805799,prepaid,False,0
customer_0115,Delhi,leisure,standard,ota,8,2,6,0.25,16929,16355,45,5,2,6,928,1,0.41865608731480164,prepaid,True,0
customer_0116,Mumbai,leisure,standard,direct,5,0,5,0.0,7378,17214,68,4,3,8,1014,3,0.0010674650227472382,prepaid,False,0
customer_0117,Kolkata,business,deluxe,corporate,3,1,2,0.3333333333333333,15365,5853,94,4,4,12,711,0,0.21517827462871852,pay_at_hotel,True,1
customer_0118,Hyderabad,business,standard,direct,4,0,4,0.0,9052,19900,82,4,1,1,202,2,0.32039720359730783,card,False,1
customer_0119,Jaipur,business,standard,corporate,5,0,5,0.0,14917,7663,42,7,1,12,1049,0,0.10740295628857721,prepaid,False,0
customer_0120,Delhi,leisure,suite,corporate,6,2,4,0.3333333333333333,10653,21271,15,2,4,6,66,0,0.3239366689376362,pay_at_hotel,False,0
customer_0121,Kolkata,business,deluxe,corporate,14,3,11,0.21428571428571427,10728,5821,111,4,2,12,1434,1,0.39752502455499295,card,True,1
customer_0122,Pune,leisure,standard,direct,9,0,9,0.0,11634,21646,39,5,2,9,613,1,0.6331491821447094,pay_at_hotel,False,0
customer_0123,Chennai,leisure,deluxe,direct,13,2,11,0.15384615384615385,8447,8920,93,4,2,8,525,2,0.3207155466940761,card,False,0
customer_0124,Kolkata,business,suite,corporate,7,0,7,0.0,5825,12262,12,6,3,10,1133,2,0.8267898819237445,prepaid,True,0
customer_0125,Kolkata,leisure,deluxe,ota,13,3,10,0.23076923076923078,4110,3525,120,7,4,7,1468,0,0.038541999323435716,card,True,0
customer_0126,Bengaluru,business,standard,corporate,1,0,1,0.0,9719,5445,4,4,1,7,1179,3,0.8787636197825396,prepaid,True,0
customer_0127,Goa,business,deluxe,ota,5,0,5,0.0,5830,5631,81,4,1,12,115,3,0.8556421217024035,card,False,0
customer_0128,Hyderabad,leisure,deluxe,direct,14,2,12,0.14285714285714285,9967,4787,106,2,3,8,1473,2,0.4249793856661014,pay_at_hotel,True,0
customer_0129,Pune,business,standard,direct,5,0,5,0.0,13444,17997,106,3,3,11,99,0,0.5204574437672277,pay_at_hotel,False,0
customer_0130,Pune,leisure,standard,ota,8,2,6,0.25,3121,4715,20,5,2,12,783,3,0.1396236541791207,prepaid,True,0
customer_0131,Hyderabad,business,suite,direct,2,0,2,0.0,8930,20972,62,7,1,1,873,2,0.871409086741214,card,True,0
customer_0132,Hyderabad,leisure,deluxe,ota,2,0,2,0.0,17359,6487,52,5,1,3,1058,2,0.9029891534061367,prepaid,False,0
customer_0133,Mumbai,business,standard,corporate,0,0,0,0.0,2573,18830,92,6,4,2,1083,2,0.9157448578787095,card,True,0
customer_0134,Bengaluru,business,suite,corporate,11,0,11,0.0,5435,5856,54,4,2,3,1446,0,0.8673030405011813,prepaid,False,0
customer_0135,Kolkata,leisure,standard,ota,10,4,6,0.4,16804,18922,75,6,2,7,582,2,0.8989215763205136,prepaid,True,0
customer_0136,Bengaluru,business,standard,ota,11,2,9,0.18181818181818182,8568,19319,58,1,1,9,116,2,0.4460728929202261,card,False,0
customer_0137,Mumbai,business,suite,corporate,13,0,13,0.0,15183,5571,38,2,2,7,996,3,0.9771927299143573,prepaid,False,1
customer_0138,Mumbai,leisure,deluxe,direct,5,0,5,0.0,16642,5393,19,2,3,8,938,3,0.8005836206738501,prepaid,True,0
customer_0139,Delhi,business,standard,direct,9,3,6,0.3333333333333333,8810,9284,16,4,3,12,1274,1,0.77077321366537,prepaid,True,0
customer_0140,Mumbai,business,suite,corporate,9,2,7,0.2222222222222222,6044,5896,39,6,3,11,253,2,0.1879035790364767,card,True,0
customer_0141,Hyderabad,business,suite,corporate,1,0,1,0.0,4034,12409,4,4,3,6,1382,1,0.0668257547014629,card,True,0
customer_0142,Delhi,business,deluxe,corporate,10,0,10,0.0,16399,14158,77,2,2,9,90,3,0.6481837296671343,card,True,0
customer_0143,Jaipur,business,deluxe,corporate,11,2,9,0.18181818181818182,9242,19196,24,5,4,9,1394,3,0.3709123215416692,pay_at_hotel,False,0
customer_0144,Chennai,business,deluxe,ota,5,1,4,0.2,14050,12052,61,3,1,5,297,1,0.7472698001920698,pay_at_hotel,False,1
customer_0145,Mumbai,business,standard,corporate,13,1,12,0.07692307692307693,8624,21142,12,3,2,7,283,3,0.7605460227298669,prepaid,True,0
customer_0146,Hyderabad,business,standard,direct,11,2,9,0.18181818181818182,7279,18143,43,3,1,9,825,3,0.06993163147686121,card,False,0
customer_0147,Chennai,business,suite,direct,7,2,5,0.2857142857142857,6791,18393,14,2,2,5,272,0,0.4674845394285718,pay_at_hotel,False,0
customer_0148,Hyderabad,business,standard,direct,13,1,12,0.07692307692307693,9301,6079,91,5,2,11,553,3,0.7631554898199004,prepaid,False,0
customer_0149,Kolkata,business,deluxe,ota,13,2,11,0.15384615384615385,9336,19409,3,7,4,11,756,3,0.4609313910731102,card,False,1
customer_0150,Chennai,leisure,suite,ota,8,1,7,0.125,11058,12092,58,5,4,12,162,2,0.7930049789596304,prepaid,False,0
customer_0151,Bengaluru,business,deluxe,direct,12,3,9,0.25,14109,19853,15,2,4,8,943,3,0.34464088651161773,card,True,0
customer_0152,Jaipur,leisure,suite,direct,3,0,3,0.0,8744,17061,21,1,4,1,1021,2,0.17546224657908782,prepaid,False,0
customer_0153,Goa,leisure,suite,direct,12,4,8,0.3333333333333333,9014,5231,93,2,4,4,513,3,0.2645976053461583,prepaid,False,0
customer_0154,Jaipur,business,suite,corporate,10,2,8,0.2,15444,14361,31,6,1,9,6,2,0.9940777724523785,pay_at_hotel,True,0
customer_0155,Pune,leisure,standard,corporate,0,0,0,0.0,4675,12618,108,3,2,9,234,1,0.18883642047563898,prepaid,False,0
customer_0156,Goa,leisure,standard,ota,6,2,4,0.3333333333333333,17736,12765,58,2,2,8,605,0,0.24587558700505863,card,True,0
customer_0157,Mumbai,business,standard,direct,10,0,10,0.0,8754,11630,50,4,1,4,288,3,0.9076048913904824,pay_at_hotel,True,0
customer_0158,Delhi,leisure,deluxe,direct,9,1,8,0.1111111111111111,8731,7874,33,7,1,5,1270,2,0.03511681110966658,pay_at_hotel,False,0
customer_0159,Kolkata,leisure,suite,ota,2,1,1,0.5,6346,6613,20,6,1,3,784,0,0.8674235394825837,pay_at_hotel,False,0
customer_0160,Mumbai,leisure,standard,corporate,8,0,8,0.0,13789,4874,92,7,2,1,1315,0,0.7447709278167541,pay_at_hotel,False,0
customer_0161,Bengaluru,business,deluxe,corporate,12,1,11,0.08333333333333333,12921,4797,51,4,3,7,1286,1,0.7868913814500277,card,True,0
customer_0162,Pune,business,deluxe,ota,11,2,9,0.18181818181818182,14826,7432,89,4,4,1,1082,3,0.9841852649479997,card,False,0
customer_0163,Delhi,leisure,deluxe,direct,5,1,4,0.2,12041,21739,9,7,1,4,774,3,0.3827831627802557,pay_at_hotel,True,0
customer_0164,Bengaluru,leisure,standard,ota,11,3,8,0.2727272727272727,12706,6545,37,7,4,12,36,1,0.7119178105885787,prepaid,False,0
customer_0165,Pune,leisure,standard,corporate,8,0,8,0.0,15539,9291,55,3,2,12,1300,0,0.7497057510446368,pay_at_hotel,False,0
customer_0166,Chennai,leisure,deluxe,direct,3,1,2,0.3333333333333333,14578,8309,90,6,1,10,346,1,0.9585152939754523,prepaid,False,0
customer_0167,Chennai,business,deluxe,direct,10,2,8,0.2,3447,12866,112,5,2,3,25,3,0.8117523712192651,prepaid,False,0
customer_0168,Goa,leisure,suite,corporate,1,1,0,1.0,7648,5807,17,6,1,4,317,0,0.12011063010138434,prepaid,False,0
customer_0169,Pune,leisure,deluxe,ota,1,0,1,0.0,3817,5084,4,6,1,8,613,3,0.6384675277647406,pay_at_hotel,True,0
customer_0170,Delhi,business,deluxe,ota,6,0,6,0.0,14846,5773,54,6,2,6,230,3,0.8420701517722398,prepaid,True,0
customer_0171,Goa,business,standard,corporate,4,1,3,0.25,14166,4016,106,2,2,9,975,3,0.2950192087123954,card,True,0
customer_0172,Mumbai,leisure,suite,ota,5,1,4,0.2,4593,11182,67,3,3,8,1012,2,0.07407055273870633,card,True,0
customer_0173,Hyderabad,leisure,suite,direct,6,0,6,0.0,14449,6836,120,2,4,10,695,2,0.7604216851846175,card,False,0
customer_0174,Kolkata,leisure,deluxe,ota,1,1,0,1.0,11830,20630,75,7,3,2,107,1,0.4815915892060435,pay_at_hotel,True,0
customer_0175,Chennai,leisure,standard,ota,13,2,11,0.15384615384615385,9102,21262,117,2,1,2,880,0,0.43194566100048193,pay_at_hotel,True,0
customer_0176,Delhi,leisure,suite,direct,10,2,8,0.2,5094,21523,4,3,3,3,489,1,0.41225859646407514,pay_at_hotel,False,0
customer_0177,Goa,business,suite,direct,11,3,8,0.2727272727272727,8079,12254,114,7,4,3,1088,1,0.25043308673188824,card,False,0
customer_0178,Hyderabad,leisure,suite,ota,11,5,6,0.45454545454545453,15829,4632,120,3,4,4,305,1,0.8328370546615123,pay_at_hotel,False,1
customer_0179,Kolkata,leisure,suite,corporate,4,3,1,0.75,17388,21708,54,2,1,4,955,2,0.5607773745620122,prepaid,True,0
customer_0180,Hyderabad,business,deluxe,ota,6,1,5,0.16666666666666666,4472,18250,49,4,1,7,1275,3,0.2278677865528338,pay_at_hotel,False,0
customer_0181,Mumbai,business,deluxe,direct,11,0,11,0.0,16322,8669,118,2,3,1,15,0,0.5817272979587149,card,False,0
customer_0182,Goa,business,deluxe,ota,1,0,1,0.0,3612,6963,19,4,4,8,1339,0,0.17860417569711773,prepaid,True,0
customer_0183,Jaipur,business,suite,corporate,13,1,12,0.07692307692307693,5545,6454,108,5,4,12,1306,1,0.3002719121425267,card,False,0
customer_0184,Chennai,leisure,deluxe,ota,11,0,11,0.0,2785,4543,27,3,2,7,966,0,0.7766484358887159,pay_at_hotel,True,0
customer_0185,Jaipur,leisure,standard,ota,12,0,12,0.0,5263,11762,104,1,4,3,862,1,0.41393031905460087,prepaid,False,0
customer_0186,Chennai,business,standard,corporate,8,0,8,0.0,16836,14367,112,4,4,7,18,3,0.9702015725698434,card,False,0
customer_0187,Pune,business,deluxe,direct,13,2,11,0.15384615384615385,17042,4024,95,5,2,6,957,2,0.15357977908611453,pay_at_hotel,True,1
customer_0188,Goa,leisure,deluxe,ota,10,3,7,0.3,7339,12714,88,7,4,2,1099,0,0.17480738623300507,pay_at_hotel,False,0
customer_0189,Mumbai,leisure,suite,direct,3,2,1,0.6666666666666666,12678,16815,63,3,1,11,1177,0,0.6186606119363176,pay_at_hotel,True,1
customer_0190,Chennai,business,suite,direct,1,1,0,1.0,12950,13075,84,7,2,4,106,1,0.7537706796439557,pay_at_hotel,False,0
customer_0191,Pune,business,deluxe,direct,4,1,3,0.25,14914,12641,88,7,2,8,284,0,0.8850929882268007,card,False,1
customer_0192,Chennai,business,deluxe,direct,4,1,3,0.25,4666,5087,19,2,2,9,621,2,0.2796363291025302,pay_at_hotel,False,0
customer_0193,Jaipur,leisure,standard,direct,0,0,0,0.0,8906,9787,37,1,2,3,503,1,0.3940719741684673,card,True,0
customer_0194,Jaipur,leisure,suite,direct,12,2,10,0.16666666666666666,7844,5326,64,6,2,9,150,0,0.9424042508085225,card,False,0
customer_0195,Bengaluru,leisure,suite,corporate,0,0,0,0.0,10276,17394,30,5,2,12,1474,3,0.042346113998704804,pay_at_hotel,False,0
customer_0196,Mumbai,business,standard,corporate,8,1,7,0.125,9513,4291,18,1,4,7,485,0,0.97804574578798,pay_at_hotel,False,0
customer_0197,Bengaluru,leisure,deluxe,corporate,7,0,7,0.0,3210,20935,88,1,3,6,12,3,0.5024129936309384,card,True,1
customer_0198,Mumbai,business,deluxe,ota,13,4,9,0.3076923076923077,15759,5684,61,7,2,4,796,3,0.1864832947558639,card,True,1
customer_0199,Goa,business,standard,corporate,4,0,4,0.0,10357,6403,68,5,2,4,759,1,0.3488606520463975,prepaid,True,0
customer_0200,Bengaluru,business,standard,ota,9,3,6,0.3333333333333333,16451,3586,44,4,2,9,58,2,0.1239380544408778,pay_at_hotel,True,0
customer_0201,Kolkata,business,deluxe,corporate,3,0,3,0.0,4841,18235,36,5,2,9,1027,3,0.34153826220162287,pay_at_hotel,False,0
customer_0202,Hyderabad,business,standard,ota,12,1,11,0.08333333333333333,16878,11263,64,5,2,4,59,3,0.24024894827964172,prepaid,False,1
customer_0203,Hyderabad,business,deluxe,corporate,4,0,4,0.0,17693,6262,33,3,2,4,490,0,0.02520494712616217,prepaid,False,0
customer_0204,Pune,leisure,suite,ota,8,3,5,0.375,7376,3375,119,1,4,1,1147,2,0.8955045771968844,card,False,0
customer_0205,Kolkata,business,standard,direct,6,2,4,0.3333333333333333,16869,8514,92,7,2,10,54,0,0.6562296481050006,prepaid,False,0
customer_0206,Hyderabad,business,suite,corporate,11,2,9,0.18181818181818182,6776,12628,96,7,2,11,63,2,0.26521345611256597,pay_at_hotel,True,0
customer_0207,Kolkata,leisure,deluxe,corporate,5,2,3,0.4,14233,7771,23,3,3,7,77,1,0.2573723130551461,pay_at_hotel,True,0
customer_0208,Chennai,leisure,suite,ota,11,2,9,0.18181818181818182,6479,13248,43,5,4,1,1177,1,0.8381365548303041,card,False,0
customer_0209,Jaipur,business,standard,direct,2,0,2,0.0,5073,18455,28,7,4,2,529,2,0.7210405546667255,prepaid,False,0
customer_0210,Bengaluru,business,standard,ota,2,0,2,0.0,12775,12422,98,3,1,5,1405,1,0.18597441987570917,card,False,0
customer_0211,Mumbai,leisure,standard,ota,4,1,3,0.25,13683,11131,59,7,4,6,471,3,0.48237600462911445,card,True,1
customer_0212,Hyderabad,business,standard,corporate,13,4,9,0.3076923076923077,8005,15268,14,5,2,9,624,1,0.8983753839393745,prepaid,True,0
customer_0213,Jaipur,business,deluxe,direct,3,0,3,0.0,11620,3255,71,5,2,2,1198,3,0.7485144668930954,pay_at_hotel,True,1
customer_0214,Chennai,business,suite,ota,12,1,11,0.08333333333333333,3439,19453,39,4,2,7,381,2,0.19695954262002624,pay_at_hotel,True,0
customer_0215,Chennai,leisure,suite,corporate,3,0,3,0.0,2760,9234,30,3,2,8,398,3,0.5219801141180507,prepaid,True,0
customer_0216,Chennai,leisure,suite,corporate,5,1,4,0.2,9604,21812,8,1,1,6,843,0,0.7515195602793934,prepaid,False,0
customer_0217,Jaipur,business,suite,corporate,7,2,5,0.2857142857142857,11658,14764,72,6,3,11,67,0,0.5561902967977893,card,False,0
customer_0218,Kolkata,business,suite,direct,11,1,10,0.09090909090909091,13408,2900,78,3,1,9,140,1,0.7642103495801168,card,False,0
customer_0219,Jaipur,business,standard,ota,2,1,1,0.5,11900,16309,20,3,3,1,109,2,0.043175225056884536,card,False,0
customer_0220,Bengaluru,business,suite,ota,14,3,11,0.21428571428571427,9260,6612,114,1,2,10,782,2,0.5981678800407747,pay_at_hotel,True,0
customer_0221,Mumbai,leisure,deluxe,direct,13,0,13,0.0,4792,10001,48,3,2,3,151,3,0.49628874282923585,pay_at_hotel,True,1
customer_0222,Bengaluru,business,deluxe,direct,14,2,12,0.14285714285714285,17783,17044,9,3,1,2,297,0,0.4979982907931567,pay_at_hotel,True,0
customer_0223,Hyderabad,business,suite,corporate,8,2,6,0.25,5762,5202,37,7,4,5,833,2,0.0691399450072615,prepaid,False,1
customer_0224,Delhi,business,suite,corporate,7,0,7,0.0,15869,2655,88,5,4,1,133,1,0.056288812981991176,prepaid,True,0
customer_0225,Pune,leisure,deluxe,direct,12,2,10,0.16666666666666666,2934,10811,93,4,4,12,601,0,0.8307039387459314,card,False,0
customer_0226,Goa,business,suite,corporate,1,0,1,0.0,8987,20413,107,1,2,5,782,1,0.32689835187698935,pay_at_hotel,True,1
customer_0227,Pune,business,deluxe,corporate,4,0,4,0.0,11402,5423,5,1,2,9,1450,3,0.2375356720522589,pay_at_hotel,False,1
customer_0228,Bengaluru,business,deluxe,corporate,1,0,1,0.0,14095,5956,6,1,1,11,888,1,0.3592043972677377,card,True,0
customer_0229,Bengaluru,business,standard,corporate,0,0,0,0.0,10311,21829,24,1,2,7,917,2,0.7922708371704024,card,True,0
customer_0230,Goa,business,suite,ota,5,0,5,0.0,7611,12771,97,4,4,7,1022,3,0.4169125367187445,card,False,0
customer_0231,Chennai,business,standard,corporate,8,0,8,0.0,15686,7115,47,7,4,2,147,0,0.7653212239386366,card,False,0
customer_0232,Pune,leisure,standard,corporate,13,0,13,0.0,14238,3583,88,1,4,11,1077,3,0.3224633185817777,pay_at_hotel,True,0
customer_0233,Hyderabad,leisure,suite,ota,10,2,8,0.2,8390,15454,23,7,2,2,9,0,0.5394377586643895,pay_at_hotel,False,0
customer_0234,Pune,leisure,suite,ota,0,0,0,0.0,11570,11899,6,3,3,8,1080,0,0.790243155389435,pay_at_hotel,True,0
customer_0235,Bengaluru,leisure,deluxe,direct,9,2,7,0.2222222222222222,17634,4473,94,7,3,9,496,0,0.5922749504444044,prepaid,False,0
customer_0236,Bengaluru,business,suite,ota,13,2,11,0.15384615384615385,9416,21235,100,6,4,1,1084,1,0.36823238624837096,pay_at_hotel,False,1
customer_0237,Hyderabad,leisure,suite,direct,0,0,0,0.0,8416,6263,46,4,4,3,1417,0,0.33830552460296404,prepaid,True,0
customer_0238,Kolkata,leisure,suite,direct,12,3,9,0.25,17365,13682,93,2,2,3,76,3,0.883666281572483,card,True,0
customer_0239,Chennai,business,standard,corporate,7,0,7,0.0,12223,18479,90,5,4,12,746,3,0.2771981402105398,card,False,0
customer_0240,Pune,business,suite,ota,9,1,8,0.1111111111111111,9006,17721,113,7,1,4,145,2,0.8366407464065443,prepaid,False,1
customer_0241,Mumbai,business,deluxe,ota,2,0,2,0.0,15025,6695,120,3,4,8,437,3,0.15099313143506765,card,True,0
customer_0242,Jaipur,leisure,deluxe,ota,14,3,11,0.21428571428571427,13202,12995,100,4,1,1,1437,3,0.7814658394024216,pay_at_hotel,False,1
customer_0243,Hyderabad,leisure,deluxe,direct,5,1,4,0.2,15370,12390,38,2,1,7,1330,1,0.9699318830498087,pay_at_hotel,False,0
customer_0244,Delhi,leisure,suite,ota,14,2,12,0.14285714285714285,17225,7227,36,3,2,7,1039,3,0.26238847273362453,prepaid,False,1
customer_0245,Goa,business,deluxe,direct,6,1,5,0.16666666666666666,12991,15727,74,5,2,5,714,0,0.09995185577451304,pay_at_hotel,True,0
customer_0246,Chennai,leisure,deluxe,corporate,5,1,4,0.2,10950,14986,2,2,3,4,1045,3,0.12228953720281865,card,False,1
customer_0247,Mumbai,business,standard,corporate,13,3,10,0.23076923076923078,11830,3996,43,4,4,5,306,0,0.4510901608039063,prepaid,False,0
customer_0248,Pune,business,suite,direct,9,2,7,0.2222222222222222,16656,19329,108,4,1,5,610,3,0.9506648414694857,card,False,0
customer_0249,Delhi,business,standard,ota,6,1,5,0.16666666666666666,9662,17192,85,5,4,3,1179,2,0.35122292746129835,prepaid,True,0
customer_0250,Mumbai,business,standard,direct,7,2,5,0.2857142857142857,5560,4182,60,3,4,7,1234,3,0.8774769812242594,card,True,0
customer_0251,Hyderabad,leisure,deluxe,direct,14,4,10,0.2857142857142857,7854,13638,109,3,1,4,1004,0,0.08242798945712682,pay_at_hotel,False,0
customer_0252,Bengaluru,business,deluxe,ota,8,1,7,0.125,5743,6105,76,2,4,5,297,2,0.7599850114961526,card,True,0
customer_0253,Goa,leisure,suite,ota,8,1,7,0.125,2577,19691,100,5,1,11,100,3,0.42016285452463864,prepaid,True,0
customer_0254,Hyderabad,leisure,deluxe,ota,1,1,0,1.0,4142,6569,55,6,1,4,1261,2,0.3940840894152582,pay_at_hotel,True,0
customer_0255,Delhi,leisure,deluxe,ota,3,1,2,0.3333333333333333,8534,19955,47,4,2,8,850,1,0.3986448208534151,pay_at_hotel,False,0
customer_0256,Goa,leisure,standard,corporate,3,0,3,0.0,7791,17787,61,5,4,7,1280,1,0.5826824617307588,prepaid,True,0
customer_0257,Bengaluru,business,deluxe,direct,4,0,4,0.0,5072,15592,90,7,2,5,90,3,0.9869445812038946,pay_at_hotel,True,1
customer_0258,Kolkata,leisure,suite,ota,12,0,12,0.0,13175,20902,99,5,3,1,581,2,0.7095584039482209,card,False,0
customer_0259,Jaipur,leisure,suite,ota,7,0,7,0.0,3640,5822,43,2,2,3,1240,0,0.8605635552736322,card,False,0
customer_0260,Chennai,leisure,suite,ota,7,0,7,0.0,15015,10743,119,2,2,9,615,1,0.7408152316357867,prepaid,True,1
customer_0261,Delhi,leisure,standard,corporate,11,1,10,0.09090909090909091,5565,19911,63,4,1,5,828,1,0.4600374849032126,card,False,0
customer_0262,Bengaluru,leisure,deluxe,direct,3,0,3,0.0,5212,21801,85,2,4,11,540,1,0.20627290340534576,card,True,0
customer_0263,Goa,leisure,suite,direct,2,0,2,0.0,4179,6893,114,1,3,11,608,3,0.8696842957069654,pay_at_hotel,True,0
customer_0264,Jaipur,business,deluxe,corporate,8,2,6,0.25,7394,17146,64,1,1,8,1417,2,0.6753444706761884,pay_at_hotel,False,0
customer_0265,Pune,business,standard,direct,12,1,11,0.08333333333333333,5900,18090,36,6,3,5,984,2,0.5140481960388648,prepaid,False,1
customer_0266,Mumbai,business,standard,ota,7,0,7,0.0,5857,4304,15,6,3,3,1030,2,0.9349578168658509,pay_at_hotel,False,0
customer_0267,Kolkata,leisure,suite,direct,5,0,5,0.0,3766,16926,56,5,3,8,1275,1,0.6794852182581039,card,True,0
customer_0268,Chennai,leisure,deluxe,direct,0,0,0,0.0,4344,14370,60,2,1,8,493,2,0.18380812387850054,card,True,1
customer_0269,Delhi,business,standard,ota,2,1,1,0.5,9880,16023,25,4,3,4,1149,2,0.4346041756809653,prepaid,True,0
customer_0270,Kolkata,leisure,suite,corporate,10,0,10,0.0,13955,19631,82,1,2,3,329,3,0.7363540971470223,card,False,0
customer_0271,Goa,business,deluxe,corporate,3,0,3,0.0,17275,18615,25,5,2,4,784,1,0.04566228543670614,prepaid,True,0
customer_0272,Hyderabad,leisure,suite,direct,8,0,8,0.0,6104,17289,53,5,1,1,1151,2,0.38023558389930445,pay_at_hotel,False,0
customer_0273,Kolkata,business,deluxe,direct,6,0,6,0.0,17337,17281,65,4,1,9,9,1,0.4144272711081408,card,True,0
customer_0274,Pune,business,deluxe,direct,7,1,6,0.14285714285714285,11132,18780,13,3,4,3,54,3,0.4577351866500773,pay_at_hotel,False,0
customer_0275,Mumbai,business,standard,corporate,0,0,0,0.0,4734,4810,111,3,2,7,805,0,0.1618693606287408,prepaid,False,0
customer_0276,Hyderabad,business,deluxe,direct,4,1,3,0.25,17091,8953,40,3,1,9,190,0,0.9812765239932727,prepaid,True,0
customer_0277,Kolkata,business,standard,ota,9,4,5,0.4444444444444444,15961,4224,88,5,3,6,186,1,0.9312433284794626,prepaid,False,0
customer_0278,Jaipur,business,deluxe,corporate,7,1,6,0.14285714285714285,16804,8336,46,3,3,8,1056,3,0.5333874308310322,prepaid,False,0
customer_0279,Pune,leisure,standard,direct,10,0,10,0.0,6807,7260,99,5,4,12,831,0,0.16104568281993992,prepaid,True,1
customer_0280,Chennai,business,deluxe,ota,2,0,2,0.0,13307,10529,71,4,3,7,311,3,0.8819072171389275,pay_at_hotel,True,0
customer_0281,Bengaluru,leisure,standard,corporate,10,1,9,0.1,4913,4174,86,7,4,3,196,3,0.1686448818049786,pay_at_hotel,False,0
customer_0282,Jaipur,leisure,suite,corporate,1,0,1,0.0,4880,2910,39,1,4,3,221,1,0.5178785756685784,card,False,0
customer_0283,Kolkata,business,suite,corporate,5,0,5,0.0,12666,7334,40,7,4,2,1114,2,0.2571504740307766,card,True,0
customer_0284,Bengaluru,business,standard,direct,12,2,10,0.16666666666666666,12587,21853,35,2,1,4,1395,3,0.8195279718843422,pay_at_hotel,False,0
customer_0285,Jaipur,leisure,standard,direct,9,2,7,0.2222222222222222,14028,19564,74,1,3,8,288,0,0.2412934516895302,pay_at_hotel,False,0
customer_0286,Kolkata,leisure,standard,corporate,13,2,11,0.15384615384615385,7297,14287,20,7,3,11,844,0,0.6551138914247648,pay_at_hotel,False,0
customer_0287,Jaipur,business,standard,ota,3,0,3,0.0,6851,18669,75,6,1,2,594,3,0.5899852222430135,pay_at_hotel,False,1
customer_0288,Chennai,leisure,deluxe,corporate,11,1,10,0.09090909090909091,13321,8690,91,4,2,11,1063,3,0.09155983437056892,card,True,1
customer_0289,Chennai,business,deluxe,ota,4,0,4,0.0,5212,16975,43,3,2,2,584,1,0.859680301241987,prepaid,True,0
customer_0290,Hyderabad,business,standard,direct,7,0,7,0.0,17773,9763,95,1,3,9,926,3,0.18431000208985737,prepaid,True,0
customer_0291,Chennai,business,suite,ota,9,3,6,0.3333333333333333,5764,17412,81,7,1,6,471,2,0.9186646150612952,card,False,0
customer_0292,Jaipur,leisure,suite,corporate,7,1,6,0.14285714285714285,10180,2998,12,4,3,3,227,3,0.26989934395634196,prepaid,False,0
customer_0293,Hyderabad,business,deluxe,direct,8,0,8,0.0,16665,19714,20,3,3,3,214,2,0.448458262268858,prepaid,False,0
customer_0294,Delhi,leisure,deluxe,corporate,1,0,1,0.0,7731,4382,98,1,3,2,913,3,0.2219522514470672,prepaid,False,0
customer_0295,Bengaluru,leisure,standard,ota,1,0,1,0.0,9699,17338,99,4,3,7,1199,3,0.8748231542740541,prepaid,True,0
customer_0296,Bengaluru,business,standard,direct,5,1,4,0.2,8549,20086,116,5,2,2,254,3,0.19541958841062246,card,False,0
customer_0297,Bengaluru,leisure,deluxe,ota,14,3,11,0.21428571428571427,9304,15682,8,2,1,12,422,1,0.25518651229354217,pay_at_hotel,True,0
customer_0298,Mumbai,business,suite,ota,0,0,0,0.0,12936,11767,55,6,2,12,409,2,0.3323771350361646,prepaid,True,0
customer_0299,Chennai,business,standard,direct,4,0,4,0.0,12176,6263,83,5,3,12,186,1,0.9011053131506768,pay_at_hotel,False,1
customer_0300,Jaipur,business,standard,corporate,4,1,3,0.25,14542,13638,87,1,2,1,455,2,0.996015755102527,prepaid,False,0
customer_0301,Goa,business,suite,direct,0,0,0,0.0,4792,14970,49,7,2,3,505,0,0.5985284890432662,prepaid,False,1
customer_0302,Pune,business,suite,direct,5,0,5,0.0,16698,3401,23,4,2,10,1473,0,0.1425712823271138,card,False,0
customer_0303,Mumbai,leisure,standard,direct,10,2,8,0.2,14935,4375,28,5,2,12,987,2,0.7107615350219296,pay_at_hotel,True,0
customer_0304,Goa,business,standard,ota,5,2,3,0.4,10362,16893,5,5,4,10,385,3,0.17377688778239075,pay_at_hotel,False,1
customer_0305,Pune,business,standard,direct,0,0,0,0.0,11420,16676,113,3,2,3,911,0,0.5534313698869836,pay_at_hotel,True,0
customer_0306,Jaipur,business,deluxe,direct,11,2,9,0.18181818181818182,16942,13787,47,4,4,4,1384,3,0.6493926171077407,card,True,0
customer_0307,Delhi,leisure,standard,direct,13,0,13,0.0,12216,3720,29,3,1,9,1455,3,0.5902132743446247,card,False,0
customer_0308,Delhi,business,suite,direct,3,0,3,0.0,6750,18449,43,4,4,1,1139,1,0.1390050785122653,card,True,0
customer_0309,Chennai,business,deluxe,ota,12,1,11,0.08333333333333333,6188,15137,36,1,1,7,549,0,0.16425338725426664,prepaid,False,0
customer_0310,Jaipur,leisure,suite,direct,3,0,3,0.0,11225,16487,35,5,4,10,449,0,0.5562184527241746,prepaid,False,0
customer_0311,Kolkata,leisure,deluxe,direct,5,2,3,0.4,8911,11715,37,2,4,6,1012,0,0.8040011602630676,prepaid,False,0
customer_0312,Mumbai,leisure,standard,direct,4,0,4,0.0,3612,2586,68,1,2,11,508,0,0.18877889786366542,prepaid,True,0
customer_0313,Jaipur,business,deluxe,direct,11,0,11,0.0,13196,21213,113,5,3,9,832,3,0.48346865134769745,pay_at_hotel,True,1
customer_0314,Delhi,business,standard,direct,14,3,11,0.21428571428571427,3960,11753,13,2,1,11,958,0,0.42105491299571207,pay_at_hotel,False,0
customer_0315,Jaipur,leisure,deluxe,corporate,1,0,1,0.0,6187,16548,75,4,1,12,555,3,0.4969795604601278,card,False,1
customer_0316,Pune,leisure,standard,direct,2,0,2,0.0,13639,11198,114,3,1,12,92,0,0.5996188995128691,prepaid,False,0
customer_0317,Jaipur,business,standard,corporate,1,1,0,1.0,10025,13148,64,1,1,9,1302,0,0.08555764101839314,card,False,1
customer_0318,Chennai,leisure,standard,corporate,14,3,11,0.21428571428571427,15626,5264,53,7,2,2,1273,3,0.2230361279982953,pay_at_hotel,False,0
customer_0319,Hyderabad,business,deluxe,ota,14,0,14,0.0,7675,7232,10,4,3,11,1210,1,0.5207706079591689,prepaid,False,0
customer_0320,Chennai,leisure,suite,ota,5,0,5,0.0,14830,16125,19,1,3,11,1160,1,0.032867670266468973,pay_at_hotel,True,1
customer_0321,Hyderabad,leisure,deluxe,direct,1,0,1,0.0,16991,12162,25,4,3,9,261,2,0.3180641471086795,prepaid,False,0
customer_0322,Jaipur,leisure,standard,direct,12,1,11,0.08333333333333333,12534,15941,72,3,1,5,661,0,0.036305676104475215,card,True,1
customer_0323,Delhi,leisure,suite,ota,12,2,10,0.16666666666666666,10656,10774,88,4,2,12,49,1,0.8662757734159724,pay_at_hotel,True,0
customer_0324,Kolkata,leisure,deluxe,ota,7,1,6,0.14285714285714285,9308,21324,25,1,2,11,207,1,0.9741096189805822,card,True,0
customer_0325,Delhi,leisure,standard,corporate,0,0,0,0.0,3686,20575,104,5,2,8,1277,0,0.8344227521511565,pay_at_hotel,True,0
customer_0326,Hyderabad,leisure,deluxe,corporate,0,0,0,0.0,6401,18419,106,7,3,9,151,3,0.13397721922900763,pay_at_hotel,True,1
customer_0327,Jaipur,business,suite,ota,7,1,6,0.14285714285714285,13593,7025,75,1,1,11,424,3,0.3422690742880228,prepaid,True,0
customer_0328,Pune,leisure,suite,direct,5,1,4,0.2,16826,15712,19,3,4,9,843,0,0.9846073766009298,pay_at_hotel,False,1
customer_0329,Bengaluru,business,standard,ota,3,0,3,0.0,11718,8911,119,5,2,4,1142,0,0.04043193139300372,card,False,0
customer_0330,Bengaluru,business,suite,corporate,2,0,2,0.0,15235,16136,41,1,3,10,838,2,0.03509076592280813,prepaid,False,0
customer_0331,Delhi,business,suite,direct,14,4,10,0.2857142857142857,6491,20094,24,4,2,10,523,0,0.28819930120056425,card,True,0
customer_0332,Pune,leisure,suite,direct,1,0,1,0.0,9307,11922,75,4,2,10,828,1,0.5526715645974142,pay_at_hotel,True,0
customer_0333,Jaipur,business,deluxe,direct,6,2,4,0.3333333333333333,7770,20676,21,5,1,11,1355,2,0.6999810218222613,prepaid,True,0
customer_0334,Bengaluru,leisure,suite,ota,4,0,4,0.0,2538,14539,90,7,4,7,915,1,0.8163570725758271,prepaid,False,0
customer_0335,Hyderabad,leisure,deluxe,corporate,10,1,9,0.1,8468,19156,50,1,3,8,1452,2,0.5671093654887923,card,False,0
customer_0336,Jaipur,leisure,standard,corporate,9,1,8,0.1111111111111111,17813,12622,82,2,4,6,1378,3,0.6094293684969674,card,True,0
customer_0337,Pune,leisure,standard,ota,2,1,1,0.5,11733,12656,64,3,4,7,1487,1,0.10858654782155308,card,False,0
customer_0338,Delhi,business,standard,direct,14,0,14,0.0,5047,21588,59,5,3,4,1192,2,0.5921769448817807,prepaid,True,0
customer_0339,Pune,business,standard,ota,2,1,1,0.5,4621,13109,88,3,3,6,632,1,0.9976479671837004,prepaid,False,0
customer_0340,Mumbai,leisure,standard,ota,6,1,5,0.16666666666666666,7033,7989,104,1,4,12,747,2,0.6226913443560438,card,False,0
customer_0341,Mumbai,business,suite,corporate,7,1,6,0.14285714285714285,7476,20137,10,6,4,11,24,1,0.8372015493375974,prepaid,False,0
customer_0342,Bengaluru,business,deluxe,ota,14,1,13,0.07142857142857142,8498,19836,17,1,4,6,385,2,0.07371206911165185,card,False,0
customer_0343,Kolkata,leisure,suite,ota,11,1,10,0.09090909090909091,17880,16588,71,3,1,6,1118,3,0.29259458984912357,pay_at_hotel,True,1
customer_0344,Chennai,leisure,deluxe,direct,3,0,3,0.0,15976,7604,97,6,4,4,1426,0,0.2868355546801522,pay_at_hotel,False,0
customer_0345,Delhi,leisure,standard,corporate,1,0,1,0.0,6328,20743,53,2,3,3,377,0,0.6560476050611784,pay_at_hotel,False,0
customer_0346,Jaipur,leisure,deluxe,ota,0,0,0,0.0,8165,20370,107,3,1,11,480,1,0.6218113844531371,card,False,1
customer_0347,Jaipur,leisure,suite,ota,4,1,3,0.25,5713,15534,49,5,4,8,214,0,0.10638868301240778,card,True,0
customer_0348,Jaipur,leisure,standard,direct,11,2,9,0.18181818181818182,5858,8440,50,2,4,7,801,2,0.03020994824207046,prepaid,False,1
customer_0349,Hyderabad,business,deluxe,direct,12,0,12,0.0,6720,17239,81,2,2,11,1144,1,0.21019256975102385,card,False,1
customer_0350,Kolkata,business,suite,direct,11,0,11,0.0,16131,12289,39,4,1,3,319,3,0.8900146741599216,card,False,0
customer_0351,Mumbai,leisure,deluxe,ota,10,1,9,0.1,4164,6618,41,5,4,5,1267,2,0.29625473537930547,prepaid,False,0
customer_0352,Bengaluru,business,suite,ota,11,1,10,0.09090909090909091,3326,20541,106,1,3,1,256,3,0.4870454933791568,pay_at_hotel,False,1
customer_0353,Jaipur,business,deluxe,ota,2,0,2,0.0,13129,21069,45,1,1,8,935,0,0.5425440710475263,prepaid,True,0
customer_0354,Delhi,business,suite,direct,4,0,4,0.0,16191,11926,36,1,1,6,861,3,0.060829867501361434,card,False,0
customer_0355,Goa,leisure,suite,corporate,2,0,2,0.0,5349,11061,98,6,4,12,867,3,0.8521791950074505,card,True,0
customer_0356,Mumbai,leisure,deluxe,ota,6,2,4,0.3333333333333333,10481,13972,97,5,4,2,647,2,0.7993545750571388,card,True,1
customer_0357,Kolkata,business,suite,ota,14,3,11,0.21428571428571427,9444,17259,13,5,3,7,1355,0,0.9749627024237711,prepaid,False,0
customer_0358,Chennai,business,standard,direct,14,2,12,0.14285714285714285,15775,15085,96,6,3,1,135,0,0.2501710528050296,card,True,1
customer_0359,Chennai,leisure,deluxe,corporate,13,1,12,0.07692307692307693,4950,4154,103,6,3,6,559,1,0.2616549156329441,prepaid,False,0
customer_0360,Hyderabad,business,standard,direct,3,2,1,0.6666666666666666,6354,11796,20,6,1,6,1185,3,0.3369866188668009,pay_at_hotel,False,0
customer_0361,Goa,leisure,suite,ota,9,3,6,0.3333333333333333,9771,21244,45,6,2,6,749,2,0.07825900768357019,card,True,0
customer_0362,Hyderabad,business,deluxe,corporate,9,2,7,0.2222222222222222,10634,7956,11,5,4,3,1440,2,0.34900422555545063,prepaid,True,0
customer_0363,Mumbai,business,deluxe,corporate,10,1,9,0.1,4343,2954,2,5,3,8,737,3,0.41528141373879146,prepaid,False,1
customer_0364,Bengaluru,business,standard,direct,4,0,4,0.0,4940,12378,25,4,3,10,944,2,0.7981682913973093,card,True,0
customer_0365,Hyderabad,business,deluxe,corporate,8,1,7,0.125,17860,3701,27,3,1,4,218,2,0.8409444672987795,pay_at_hotel,True,0
customer_0366,Hyderabad,leisure,standard,corporate,1,0,1,0.0,6696,13192,65,1,2,10,1403,2,0.4759124346575283,pay_at_hotel,False,0
customer_0367,Hyderabad,leisure,suite,direct,9,1,8,0.1111111111111111,17777,8161,35,1,4,10,654,1,0.6825597934324997,card,True,0
customer_0368,Hyderabad,leisure,deluxe,ota,1,1,0,1.0,13434,19839,73,4,1,1,424,2,0.27769793046320923,pay_at_hotel,True,0
customer_0369,Pune,business,deluxe,ota,5,1,4,0.2,12917,6787,32,5,2,1,23,1,0.02821953217732831,card,True,0
customer_0370,Delhi,business,standard,ota,3,0,3,0.0,12111,7921,114,5,2,2,555,3,0.1115213439714553,prepaid,True,0
customer_0371,Kolkata,business,standard,direct,1,0,1,0.0,15149,2537,25,3,2,9,784,3,0.712886291432101,card,False,0
customer_0372,Pune,leisure,deluxe,corporate,3,2,1,0.6666666666666666,6448,4185,5,4,1,11,994,1,0.5231679607443794,pay_at_hotel,True,0
customer_0373,Mumbai,leisure,standard,corporate,13,1,12,0.07692307692307693,9153,10301,5,2,3,10,1137,2,0.5303450176108518,prepaid,False,0
customer_0374,Goa,leisure,standard,ota,1,1,0,1.0,10425,12785,98,1,2,10,1298,1,0.39591267904070226,pay_at_hotel,False,0
customer_0375,Hyderabad,business,standard,corporate,4,1,3,0.25,15904,15378,47,7,1,5,407,3,0.20735333302645576,prepaid,True,0
customer_0376,Jaipur,leisure,suite,corporate,11,0,11,0.0,11584,4356,100,2,3,9,54,2,0.26354966267699054,pay_at_hotel,False,0
customer_0377,Delhi,leisure,standard,ota,5,1,4,0.2,15207,4317,96,2,2,8,1247,0,0.8817194232747706,prepaid,False,1
customer_0378,Hyderabad,leisure,deluxe,ota,13,1,12,0.07692307692307693,17137,4727,106,6,3,2,103,0,0.9890779350422578,pay_at_hotel,False,1
customer_0379,Mumbai,business,suite,ota,14,2,12,0.14285714285714285,17849,8652,41,2,4,5,503,0,0.4979675587786656,pay_at_hotel,False,0
customer_0380,Kolkata,leisure,suite,direct,1,1,0,1.0,5553,13672,18,5,1,8,303,3,0.13939738312098882,prepaid,True,0
customer_0381,Jaipur,business,standard,direct,7,0,7,0.0,2638,11099,72,3,1,1,651,0,0.46675292591894,prepaid,True,0
customer_0382,Pune,business,standard,direct,13,2,11,0.15384615384615385,6184,16537,118,2,1,9,142,3,0.339662463804297,pay_at_hotel,False,0
customer_0383,Bengaluru,business,deluxe,ota,2,0,2,0.0,11285,19111,114,2,1,6,1196,0,0.16157862437152193,prepaid,True,1
customer_0384,Hyderabad,leisure,standard,direct,14,4,10,0.2857142857142857,10998,13229,21,5,2,10,679,3,0.7212701459238856,prepaid,True,0
customer_0385,Pune,business,suite,corporate,3,0,3,0.0,9250,20096,51,5,3,8,902,1,0.9051863233669755,pay_at_hotel,True,0
customer_0386,Delhi,business,deluxe,direct,11,2,9,0.18181818181818182,7356,18333,77,6,4,7,568,0,0.44238959390094557,card,True,1
customer_0387,Bengaluru,leisure,standard,ota,11,4,7,0.36363636363636365,7798,11870,91,2,2,5,124,2,0.9496030429007936,prepaid,True,0
customer_0388,Mumbai,business,standard,corporate,7,2,5,0.2857142857142857,17278,8676,54,1,2,6,1200,1,0.7036581008556112,card,True,0
customer_0389,Bengaluru,leisure,suite,ota,2,0,2,0.0,15155,17888,17,7,4,3,1153,1,0.6471187880735663,pay_at_hotel,False,1
customer_0390,Hyderabad,leisure,standard,ota,1,0,1,0.0,4921,11028,4,7,2,3,554,1,0.7292712438603892,prepaid,False,0
customer_0391,Jaipur,business,standard,direct,4,2,2,0.5,12911,13015,36,2,2,2,1118,3,0.8359210809168424,pay_at_hotel,False,0
customer_0392,Hyderabad,leisure,deluxe,ota,3,0,3,0.0,16530,5393,39,4,2,8,988,1,0.3058372404125671,pay_at_hotel,False,1
customer_0393,Kolkata,business,deluxe,ota,13,3,10,0.23076923076923078,7378,16693,7,3,3,10,1336,3,0.5003156144194704,pay_at_hotel,True,1
customer_0394,Chennai,business,suite,direct,13,4,9,0.3076923076923077,17241,21272,71,4,4,8,1330,1,0.9965052596345588,pay_at_hotel,True,0
customer_0395,Kolkata,leisure,suite,ota,2,0,2,0.0,14612,18069,68,5,1,6,212,2,0.5093003132248218,pay_at_hotel,False,0
customer_0396,Jaipur,business,standard,corporate,1,0,1,0.0,10699,5856,103,6,1,1,574,2,0.25520889959908166,pay_at_hotel,False,0
customer_0397,Hyderabad,leisure,standard,direct,0,0,0,0.0,10112,10984,95,4,2,6,707,1,0.580871348436382,prepaid,False,0
customer_0398,Bengaluru,business,deluxe,ota,0,0,0,0.0,10618,15745,9,5,2,7,1290,1,0.6387555557684373,pay_at_hotel,False,1
customer_0399,Chennai,leisure,suite,ota,3,0,3,0.0,5605,12961,48,5,2,12,379,1,0.7890532796071466,prepaid,True,0
customer_0400,Mumbai,leisure,suite,corporate,8,2,6,0.25,4474,15748,119,7,3,5,726,1,0.8068344471904552,card,True,1
customer_0401,Delhi,business,suite,direct,1,0,1,0.0,17915,12118,114,4,3,11,1352,1,0.5191407841611407,card,False,0
customer_0402,Delhi,leisure,suite,direct,10,0,10,0.0,4140,15804,22,1,3,1,1119,3,0.19006088660813114,card,True,0
customer_0403,Goa,business,deluxe,corporate,0,0,0,0.0,3523,6448,90,4,2,2,839,2,0.1855241896319073,prepaid,True,1
customer_0404,Bengaluru,business,suite,direct,2,0,2,0.0,7684,11634,118,4,1,10,327,2,0.6032046600508495,card,True,0
customer_0405,Delhi,business,suite,corporate,2,0,2,0.0,8660,21535,90,6,3,1,836,0,0.38430665910395756,card,True,0
customer_0406,Mumbai,business,deluxe,corporate,9,2,7,0.2222222222222222,10386,21648,79,4,3,6,395,1,0.02078682447584157,card,True,0
customer_0407,Mumbai,business,deluxe,direct,2,0,2,0.0,2747,5421,34,6,3,1,1264,0,0.46516813583684313,pay_at_hotel,True,0
customer_0408,Chennai,leisure,suite,direct,8,3,5,0.375,13130,10979,116,5,3,4,634,1,0.7930794326950212,card,False,0
customer_0409,Pune,business,standard,corporate,11,2,9,0.18181818181818182,16093,18234,16,1,3,5,1409,3,0.28910328119451023,pay_at_hotel,True,1
customer_0410,Delhi,leisure,suite,direct,14,3,11,0.21428571428571427,4922,17740,43,7,4,12,324,2,0.6047487132955909,card,False,1
customer_0411,Pune,business,deluxe,ota,1,0,1,0.0,5707,14002,92,4,1,8,1496,2,0.6880617331012702,card,False,0
customer_0412,Mumbai,business,deluxe,direct,2,0,2,0.0,11079,16675,120,2,2,10,1409,0,0.5203551859654679,pay_at_hotel,True,1
customer_0413,Jaipur,business,suite,ota,11,3,8,0.2727272727272727,15110,2559,34,6,1,11,1132,1,0.8242389461001263,card,True,0
customer_0414,Bengaluru,business,standard,ota,10,1,9,0.1,13992,19864,8,3,4,3,1380,3,0.9397202480228001,prepaid,False,0
customer_0415,Delhi,leisure,standard,direct,1,1,0,1.0,14835,3871,82,4,3,10,1342,0,0.12461025407954063,card,True,0
customer_0416,Chennai,leisure,suite,corporate,8,3,5,0.375,10553,21848,88,4,4,7,274,3,0.6559531101246859,prepaid,True,0
customer_0417,Kolkata,leisure,standard,corporate,0,0,0,0.0,13344,15985,29,4,3,9,1065,0,0.5418488201116669,card,True,0
customer_0418,Pune,leisure,deluxe,ota,14,1,13,0.07142857142857142,4772,10029,90,6,2,1,426,3,0.5120419334634545,prepaid,False,0
customer_0419,Mumbai,leisure,suite,corporate,2,0,2,0.0,6008,16610,52,1,4,7,1164,1,0.2250765257745908,prepaid,False,0
customer_0420,Pune,leisure,standard,direct,7,1,6,0.14285714285714285,11520,12540,110,4,1,2,1140,1,0.6533951995074075,pay_at_hotel,False,0
customer_0421,Mumbai,leisure,suite,ota,5,0,5,0.0,13046,17252,54,6,4,9,764,0,0.27313321260667356,card,False,0
customer_0422,Goa,business,deluxe,corporate,8,1,7,0.125,8254,9744,111,5,1,9,1113,0,0.2570200156484578,prepaid,True,0
customer_0423,Chennai,business,standard,corporate,11,0,11,0.0,12478,2543,35,2,3,8,359,0,0.5922071496849479,prepaid,False,0
customer_0424,Kolkata,business,suite,direct,8,0,8,0.0,16480,8086,17,6,4,2,558,2,0.5673605590140585,pay_at_hotel,True,0
customer_0425,Delhi,business,standard,ota,12,1,11,0.08333333333333333,4876,8384,42,7,3,11,842,0,0.4580585416184314,card,False,0
customer_0426,Jaipur,leisure,deluxe,corporate,4,0,4,0.0,12627,5052,67,7,3,4,791,0,0.1489778241795211,pay_at_hotel,True,1
customer_0427,Hyderabad,business,standard,ota,8,2,6,0.25,5768,10707,88,7,3,3,1297,0,0.16553150154503016,pay_at_hotel,True,0
customer_0428,Delhi,leisure,standard,direct,13,4,9,0.3076923076923077,3127,20501,29,7,2,2,981,1,0.23783538488179112,pay_at_hotel,True,0
customer_0429,Pune,leisure,standard,corporate,12,2,10,0.16666666666666666,8682,14900,107,7,3,4,491,3,0.11209923242642206,card,False,0
customer_0430,Goa,business,standard,corporate,14,4,10,0.2857142857142857,6706,6633,63,1,2,12,718,0,0.8561950631484166,pay_at_hotel,False,1
customer_0431,Chennai,business,standard,corporate,11,2,9,0.18181818181818182,9612,14552,93,3,4,5,1290,0,0.7563071144709534,prepaid,False,0
customer_0432,Jaipur,business,standard,direct,11,3,8,0.2727272727272727,7154,21503,62,5,2,11,447,2,0.24526584310929966,card,True,0
customer_0433,Goa,business,deluxe,ota,1,0,1,0.0,3233,19085,112,6,4,9,1259,0,0.5507588922031937,card,True,1
customer_0434,Mumbai,business,standard,ota,9,1,8,0.1111111111111111,12826,12285,79,3,4,9,212,0,0.04866745484083501,pay_at_hotel,False,0
customer_0435,Hyderabad,leisure,standard,direct,0,0,0,0.0,13428,12122,83,7,1,4,189,2,0.2837580958059338,prepaid,False,0
customer_0436,Mumbai,leisure,suite,direct,3,1,2,0.3333333333333333,14431,9227,1,4,3,5,36,1,0.9901456140557632,card,True,0
customer_0437,Jaipur,leisure,suite,ota,3,1,2,0.3333333333333333,5783,5627,12,1,3,7,1382,2,0.3034428973917942,prepaid,True,1
customer_0438,Bengaluru,leisure,suite,direct,10,3,7,0.3,3725,18919,44,6,2,8,112,2,0.7906014890556002,card,True,0
customer_0439,Chennai,business,suite,direct,12,2,10,0.16666666666666666,3624,17496,66,5,1,11,1277,0,0.4967377807180643,card,True,1
customer_0440,Mumbai,business,suite,ota,6,3,3,0.5,7637,19446,26,1,2,6,934,1,0.986590075922091,card,False,0
customer_0441,Mumbai,leisure,standard,corporate,9,1,8,0.1111111111111111,4135,19214,113,7,1,11,646,1,0.6751707163810492,card,False,1
customer_0442,Jaipur,business,deluxe,ota,8,0,8,0.0,10438,11785,35,2,1,8,1407,3,0.8996006573833368,pay_at_hotel,True,0
customer_0443,Mumbai,business,standard,ota,1,1,0,1.0,8169,8952,105,2,1,6,935,1,0.2712740727079913,card,True,1
customer_0444,Kolkata,business,deluxe,direct,12,2,10,0.16666666666666666,5610,5848,41,1,1,1,710,1,0.2729398117749001,prepaid,True,0
customer_0445,Chennai,business,suite,corporate,14,1,13,0.07142857142857142,11032,8545,91,6,2,2,1021,0,0.41673225389404467,card,True,0
customer_0446,Bengaluru,leisure,suite,direct,1,0,1,0.0,16704,11288,13,3,2,2,124,1,0.4085166701358547,pay_at_hotel,True,0
customer_0447,Mumbai,business,standard,corporate,12,3,9,0.25,17885,7837,84,1,4,4,54,2,0.14228297855659233,prepaid,False,1
customer_0448,Kolkata,business,deluxe,corporate,10,3,7,0.3,14281,16478,10,3,3,10,1495,1,0.2855089916904162,pay_at_hotel,False,0
customer_0449,Bengaluru,business,suite,corporate,6,1,5,0.16666666666666666,14815,11696,1,6,2,5,574,2,0.40021202117659815,prepaid,False,0
customer_0450,Goa,business,suite,ota,13,5,8,0.38461538461538464,8290,21614,94,2,1,11,445,3,0.42789426317924717,prepaid,False,1
customer_0451,Jaipur,business,suite,direct,2,1,1,0.5,9316,7295,56,4,1,3,1275,1,0.590369207184066,prepaid,True,1
customer_0452,Kolkata,leisure,suite,direct,6,1,5,0.16666666666666666,3587,17050,54,6,2,9,1206,1,0.6051768500030782,prepaid,True,0
customer_0453,Bengaluru,leisure,suite,ota,6,2,4,0.3333333333333333,8391,9193,15,6,4,9,279,0,0.1312049607157758,prepaid,True,0
customer_0454,Hyderabad,business,deluxe,corporate,0,0,0,0.0,3609,11368,28,2,1,7,664,2,0.8688852333918029,pay_at_hotel,True,0
customer_0455,Chennai,leisure,suite,direct,1,0,1,0.0,5788,9600,4,4,2,5,949,3,0.06521566989953631,card,True,0
customer_0456,Mumbai,business,suite,ota,12,4,8,0.3333333333333333,6723,18661,61,4,3,2,854,2,0.7094129150613248,prepaid,False,1
customer_0457,Delhi,leisure,standard,corporate,9,0,9,0.0,10078,11208,3,4,2,1,1130,1,0.6554913685589684,pay_at_hotel,False,0
customer_0458,Kolkata,leisure,standard,corporate,13,2,11,0.15384615384615385,7442,10257,110,5,3,5,205,0,0.49108182649458043,card,True,1
customer_0459,Bengaluru,business,standard,ota,0,0,0,0.0,17987,21129,112,2,2,6,1018,3,0.7580017651333465,pay_at_hotel,False,1
customer_0460,Kolkata,leisure,standard,corporate,6,1,5,0.16666666666666666,8833,11716,6,6,3,6,654,1,0.5175052443935492,pay_at_hotel,False,0
customer_0461,Delhi,business,standard,direct,10,4,6,0.4,13681,10846,80,4,4,7,1354,2,0.7145520982700821,pay_at_hotel,False,0
customer_0462,Pune,business,suite,ota,5,0,5,0.0,8916,8257,85,6,4,10,1363,0,0.2993703433542988,pay_at_hotel,False,0
customer_0463,Delhi,business,standard,corporate,10,1,9,0.1,15187,18617,82,1,4,2,23,3,0.42498170222128084,pay_at_hotel,False,0
customer_0464,Mumbai,leisure,deluxe,direct,4,0,4,0.0,4617,14033,48,6,4,1,302,1,0.805586105695467,card,False,1
customer_0465,Jaipur,leisure,standard,corporate,1,1,0,1.0,11051,11529,63,2,4,7,185,3,0.2714394175643763,card,True,0
customer_0466,Mumbai,business,suite,direct,13,1,12,0.07692307692307693,12347,10269,14,3,2,7,366,2,0.5844710947114898,card,True,0
customer_0467,Hyderabad,leisure,deluxe,direct,7,0,7,0.0,11772,15768,69,2,4,8,1140,2,0.34030064366652835,card,True,0
customer_0468,Jaipur,leisure,standard,ota,12,2,10,0.16666666666666666,5987,18934,14,7,2,6,663,2,0.6919933663865142,prepaid,False,1
customer_0469,Pune,leisure,deluxe,corporate,7,1,6,0.14285714285714285,12304,19831,75,3,4,3,1326,3,0.7101669404986963,card,True,0
customer_0470,Pune,business,standard,direct,7,1,6,0.14285714285714285,9716,11379,15,1,2,11,1411,3,0.8149022590520024,prepaid,False,0
customer_0471,Hyderabad,leisure,standard,corporate,11,4,7,0.36363636363636365,13790,10454,13,2,3,11,991,1,0.34135332219071046,card,False,0
customer_0472,Pune,leisure,deluxe,corporate,4,0,4,0.0,14707,12820,86,2,2,6,946,2,0.36379698216463674,prepaid,True,0
customer_0473,Delhi,business,deluxe,ota,10,1,9,0.1,12251,19237,48,7,4,7,831,3,0.5951809731891021,pay_at_hotel,True,0
customer_0474,Jaipur,business,suite,corporate,9,1,8,0.1111111111111111,17699,8048,83,5,1,12,355,1,0.24298586196281913,card,False,0
customer_0475,Chennai,leisure,standard,direct,5,0,5,0.0,5773,5601,85,2,2,1,17,1,0.31825055461840324,pay_at_hotel,False,0
customer_0476,Goa,leisure,suite,direct,8,0,8,0.0,11523,5792,76,3,2,1,697,2,0.811881500707928,prepaid,False,0
customer_0477,Mumbai,business,standard,corporate,13,1,12,0.07692307692307693,5595,8559,79,3,3,8,830,0,0.9193969243677436,prepaid,False,1
customer_0478,Jaipur,leisure,standard,ota,5,1,4,0.2,5964,12051,103,7,1,12,706,3,0.6152300505352921,pay_at_hotel,False,0
customer_0479,Delhi,leisure,deluxe,corporate,3,1,2,0.3333333333333333,12634,5749,77,6,3,8,1261,2,0.4028393399933684,prepaid,False,0
customer_0480,Delhi,business,suite,direct,1,0,1,0.0,10351,17222,25,6,2,6,901,3,0.9194733085100913,pay_at_hotel,False,0
customer_0481,Jaipur,leisure,deluxe,direct,12,2,10,0.16666666666666666,9153,14882,39,3,3,8,774,0,0.007456431423803034,card,True,1
customer_0482,Hyderabad,leisure,suite,direct,11,2,9,0.18181818181818182,5446,7111,63,4,4,12,1144,0,0.15074416627609355,prepaid,False,0
customer_0483,Bengaluru,leisure,suite,ota,4,0,4,0.0,17485,21978,19,2,3,12,1210,0,0.42168855478359224,pay_at_hotel,True,1
customer_0484,Goa,leisure,suite,ota,8,1,7,0.125,11840,3597,99,4,1,7,252,2,0.30205125941585187,prepaid,False,0
customer_0485,Hyderabad,business,standard,direct,2,0,2,0.0,6238,14659,118,4,2,4,619,1,0.45275087427085714,card,True,0
customer_0486,Delhi,business,suite,direct,9,1,8,0.1111111111111111,13618,11758,27,6,1,5,872,1,0.05157954440447299,pay_at_hotel,True,0
customer_0487,Kolkata,leisure,standard,corporate,13,3,10,0.23076923076923078,15171,10618,119,3,1,10,1253,1,0.36435707133517936,prepaid,True,0
customer_0488,Jaipur,leisure,suite,ota,0,0,0,0.0,15858,20066,83,2,3,10,441,2,0.6144032510643201,prepaid,True,0
customer_0489,Chennai,leisure,suite,ota,12,1,11,0.08333333333333333,7909,8117,99,2,2,8,1125,3,0.9360475203348232,prepaid,False,0
customer_0490,Hyderabad,leisure,suite,direct,2,1,1,0.5,12150,21002,73,4,2,2,647,1,0.5525479397729799,pay_at_hotel,True,0
customer_0491,Kolkata,leisure,suite,corporate,0,0,0,0.0,5290,6669,15,3,4,3,989,0,0.47775225535295374,pay_at_hotel,True,0
customer_0492,Hyderabad,leisure,suite,direct,7,0,7,0.0,12132,19204,7,1,3,7,478,2,0.33117824496213244,card,False,0
customer_0493,Bengaluru,business,deluxe,corporate,12,2,10,0.16666666666666666,4760,19938,71,1,4,6,976,0,0.06276327793060288,pay_at_hotel,False,0
customer_0494,Kolkata,leisure,deluxe,direct,7,1,6,0.14285714285714285,17062,4022,71,4,1,11,622,2,0.7334907975299367,pay_at_hotel,True,0
customer_0495,Goa,leisure,deluxe,ota,5,0,5,0.0,13473,8970,106,6,4,1,1114,0,0.04849458227196646,prepaid,False,1
customer_0496,Chennai,leisure,deluxe,ota,0,0,0,0.0,8466,21447,61,5,1,3,1010,1,0.8661704308177439,prepaid,False,0
customer_0497,Jaipur,leisure,deluxe,direct,0,0,0,0.0,5723,19950,55,5,3,2,248,2,0.8803548820128152,prepaid,True,0
customer_0498,Kolkata,business,suite,ota,4,1,3,0.25,5168,6568,42,6,1,4,688,1,0.019718944011485773,prepaid,True,0
customer_0499,Delhi,leisure,deluxe,corporate,0,0,0,0.0,15974,3922,19,2,1,12,1143,3,0.4047432486712671,pay_at_hotel,False,0
customer_0500,Chennai,business,deluxe,direct,9,1,8,0.1111111111111111,11193,3871,5,7,1,6,154,1,0.44228236512263874,pay_at_hotel,True,1
customer_0501,Pune,business,suite,corporate,2,0,2,0.0,5681,7099,11,3,2,5,1141,2,0.626922015704689,card,False,0
customer_0502,Kolkata,business,standard,direct,10,2,8,0.2,7242,7835,53,7,2,12,691,3,0.5093898836159924,pay_at_hotel,False,1
customer_0503,Delhi,business,standard,ota,3,1,2,0.3333333333333333,3108,11846,12,6,2,10,880,3,0.6020878260016921,pay_at_hotel,False,0
customer_0504,Hyderabad,business,suite,ota,7,1,6,0.14285714285714285,16227,8939,24,6,2,4,74,2,0.8698567147115758,prepaid,False,0
customer_0505,Pune,leisure,suite,ota,13,5,8,0.38461538461538464,8880,19567,79,3,4,10,1375,2,0.7196840017403067,card,False,0
customer_0506,Mumbai,business,suite,corporate,11,1,10,0.09090909090909091,5595,21404,115,6,1,3,1177,2,0.30713129366202885,pay_at_hotel,True,1
customer_0507,Goa,leisure,suite,ota,9,1,8,0.1111111111111111,17825,19321,66,5,2,12,966,0,0.26229116071881475,card,False,0
customer_0508,Mumbai,business,deluxe,ota,1,0,1,0.0,12299,12806,74,1,4,8,441,3,0.2817669578263532,prepaid,False,1
customer_0509,Hyderabad,business,deluxe,corporate,6,0,6,0.0,10876,14945,35,1,1,12,53,1,0.3281435160347943,pay_at_hotel,False,0
customer_0510,Chennai,business,suite,direct,12,0,12,0.0,11835,9253,104,2,4,10,656,0,0.7658406855966913,pay_at_hotel,False,1
customer_0511,Goa,business,suite,direct,11,1,10,0.09090909090909091,13664,9477,49,5,2,10,354,1,0.3396837254695101,card,False,0
customer_0512,Goa,leisure,suite,direct,10,1,9,0.1,14105,9847,70,1,3,10,305,1,0.7531580190208763,card,True,0
customer_0513,Jaipur,business,deluxe,ota,9,3,6,0.3333333333333333,12600,20601,36,3,2,10,623,2,0.07726603025365364,card,False,0
customer_0514,Hyderabad,leisure,standard,ota,7,3,4,0.42857142857142855,15337,7123,107,1,2,8,218,1,0.0302192037513499,card,True,0
customer_0515,Goa,business,standard,corporate,8,2,6,0.25,11588,7484,36,6,1,3,1211,2,0.7834134858339759,card,False,0
customer_0516,Mumbai,business,deluxe,direct,0,0,0,0.0,9560,15404,94,3,4,3,842,1,0.9783702222224766,pay_at_hotel,False,0
customer_0517,Bengaluru,business,suite,direct,6,1,5,0.16666666666666666,3988,8587,38,1,3,9,388,0,0.3842080032044929,card,False,0
customer_0518,Goa,business,deluxe,direct,5,0,5,0.0,15180,5613,88,7,2,2,1162,2,0.18873255434296254,prepaid,True,0
customer_0519,Mumbai,business,deluxe,ota,10,0,10,0.0,17733,21218,16,3,4,6,1145,3,0.006090279675126764,card,True,0
customer_0520,Mumbai,leisure,standard,corporate,13,3,10,0.23076923076923078,8038,15103,115,1,2,10,987,1,0.7316727834677892,pay_at_hotel,False,0
customer_0521,Mumbai,business,standard,corporate,1,0,1,0.0,8336,20906,6,6,1,10,2,2,0.9605304639047046,pay_at_hotel,False,0
customer_0522,Delhi,business,standard,ota,6,1,5,0.16666666666666666,11404,15444,43,4,3,11,261,3,0.5303995394185038,card,False,0
customer_0523,Goa,leisure,standard,ota,2,0,2,0.0,3141,3738,17,1,4,9,442,0,0.8097691790479546,prepaid,True,1
customer_0524,Jaipur,business,deluxe,ota,14,1,13,0.07142857142857142,17139,9747,63,6,1,11,1024,0,0.20959644832677649,prepaid,False,0
customer_0525,Delhi,business,deluxe,direct,6,4,2,0.6666666666666666,16969,3005,92,3,1,11,390,3,0.8805249763593188,card,False,0
customer_0526,Pune,business,suite,ota,9,1,8,0.1111111111111111,7512,20368,90,4,4,5,375,3,0.3062595609368469,card,False,1
customer_0527,Chennai,leisure,standard,ota,0,0,0,0.0,9731,5838,102,5,2,11,794,1,0.16849271930540444,pay_at_hotel,False,0
customer_0528,Delhi,business,suite,ota,2,0,2,0.0,7570,15485,71,3,1,3,1471,2,0.19274289079074547,prepaid,False,0
customer_0529,Hyderabad,business,suite,direct,2,0,2,0.0,3312,7366,35,2,4,11,1396,1,0.19817903082285326,prepaid,True,0
customer_0530,Pune,business,deluxe,ota,10,3,7,0.3,15513,18380,42,3,4,6,446,0,0.3693902235197972,pay_at_hotel,True,0
customer_0531,Jaipur,business,deluxe,direct,0,0,0,0.0,3135,13217,80,4,3,4,81,3,0.6216684125152849,card,True,0
customer_0532,Jaipur,business,standard,ota,13,0,13,0.0,12762,8949,35,2,4,11,454,2,0.6703645038290117,prepaid,False,0
customer_0533,Mumbai,leisure,suite,direct,2,0,2,0.0,14213,4473,76,2,3,8,1304,0,0.19410169234877772,pay_at_hotel,True,1
customer_0534,Pune,business,standard,corporate,12,2,10,0.16666666666666666,4486,9258,3,1,4,8,1015,0,0.7521382723289237,card,False,0
customer_0535,Goa,business,suite,corporate,10,1,9,0.1,5721,16480,115,4,1,4,861,1,0.6137138167259192,pay_at_hotel,False,0
customer_0536,Bengaluru,leisure,suite,ota,4,0,4,0.0,16686,20299,71,1,2,3,861,2,0.5316564284688854,pay_at_hotel,False,0
customer_0537,Jaipur,business,standard,ota,1,1,0,1.0,9874,13187,64,5,3,6,441,2,0.047124916595572386,pay_at_hotel,True,1
customer_0538,Mumbai,business,standard,direct,13,2,11,0.15384615384615385,15452,19494,79,7,3,12,103,2,0.311771458777917,pay_at_hotel,True,0
customer_0539,Goa,leisure,suite,ota,9,0,9,0.0,3759,14350,106,1,3,4,357,1,0.1797717077949118,card,False,1
customer_0540,Delhi,leisure,deluxe,direct,12,2,10,0.16666666666666666,3245,12505,14,2,3,3,587,0,0.7839515802055619,card,False,0
customer_0541,Delhi,leisure,deluxe,corporate,5,0,5,0.0,6841,13817,93,2,4,11,196,1,0.5907737486375348,prepaid,False,0
customer_0542,Mumbai,business,suite,corporate,14,4,10,0.2857142857142857,14074,17998,25,6,2,7,23,1,0.1300464400848661,pay_at_hotel,False,0
customer_0543,Jaipur,leisure,suite,ota,3,0,3,0.0,17526,19891,72,5,3,11,1026,1,0.5491405768855797,prepaid,True,0
customer_0544,Hyderabad,business,suite,corporate,8,1,7,0.125,15947,8098,20,4,2,11,259,2,0.4205680100373125,pay_at_hotel,True,1
customer_0545,Goa,business,suite,corporate,0,0,0,0.0,6405,6307,78,4,1,2,361,2,0.855605460596945,prepaid,True,0
customer_0546,Jaipur,business,deluxe,corporate,2,1,1,0.5,15266,15506,15,1,1,11,94,3,0.536310621924958,card,False,0
customer_0547,Jaipur,leisure,suite,ota,6,2,4,0.3333333333333333,16287,3623,94,4,2,12,1445,2,0.1041430126970253,pay_at_hotel,False,0
customer_0548,Goa,leisure,standard,direct,3,0,3,0.0,3497,21502,120,3,1,9,1333,3,0.8815631998643823,card,True,1
customer_0549,Bengaluru,leisure,suite,direct,9,3,6,0.3333333333333333,4612,8325,38,5,4,11,1125,0,0.9522967977656314,card,True,0
customer_0550,Bengaluru,leisure,standard,ota,0,0,0,0.0,12425,5778,110,7,4,4,1345,1,0.06763955450306436,card,False,0
customer_0551,Delhi,leisure,deluxe,direct,2,1,1,0.5,7031,21364,6,6,2,10,292,0,0.609488887089519,prepaid,False,0
customer_0552,Bengaluru,leisure,deluxe,direct,6,0,6,0.0,14042,15789,29,3,4,10,704,2,0.3584072925020956,pay_at_hotel,True,0
customer_0553,Pune,leisure,standard,direct,9,2,7,0.2222222222222222,17715,18125,98,4,2,3,547,0,0.7078253041698377,card,True,0
customer_0554,Mumbai,business,standard,corporate,13,6,7,0.46153846153846156,15923,19308,11,4,1,2,1106,3,0.8146662660807785,card,True,0
customer_0555,Mumbai,business,standard,ota,12,3,9,0.25,16415,15968,14,6,1,8,990,2,0.9072617908488282,pay_at_hotel,True,0
customer_0556,Goa,leisure,deluxe,corporate,13,2,11,0.15384615384615385,10385,15856,50,3,3,11,1057,3,0.06255178627729441,card,False,0
customer_0557,Goa,business,deluxe,ota,11,0,11,0.0,11861,15740,78,6,1,4,628,0,0.3507339517432785,prepaid,False,0
customer_0558,Chennai,business,deluxe,direct,4,1,3,0.25,4955,4738,102,4,3,9,372,1,0.7918298431946843,pay_at_hotel,False,0
customer_0559,Chennai,business,standard,ota,10,1,9,0.1,16588,15240,41,7,4,7,1326,1,0.19843933663226232,prepaid,False,0
customer_0560,Delhi,leisure,suite,ota,9,2,7,0.2222222222222222,17090,5433,33,7,1,9,150,3,0.994861403638609,card,True,1
customer_0561,Pune,leisure,deluxe,ota,12,1,11,0.08333333333333333,12750,3345,52,4,2,7,1403,1,0.6016383691388628,pay_at_hotel,False,0
customer_0562,Hyderabad,leisure,deluxe,direct,10,2,8,0.2,13590,13803,89,1,1,3,292,2,0.28941613355602613,pay_at_hotel,True,1
customer_0563,Jaipur,business,standard,ota,1,0,1,0.0,2823,11816,14,5,4,4,307,1,0.22349862107410756,pay_at_hotel,True,0
customer_0564,Chennai,business,suite,direct,5,0,5,0.0,15562,10075,60,7,1,2,1449,3,0.5177397870741632,pay_at_hotel,True,1
customer_0565,Pune,business,deluxe,direct,12,3,9,0.25,17389,4773,36,1,1,10,810,0,0.1383706928936035,card,True,0
customer_0566,Jaipur,business,suite,ota,4,1,3,0.25,4572,5162,106,6,4,7,157,2,0.27256859083478024,pay_at_hotel,True,0
customer_0567,Pune,business,standard,corporate,3,1,2,0.3333333333333333,10762,17654,106,4,3,1,208,2,0.30234311214228304,prepaid,True,1
customer_0568,Bengaluru,business,standard,corporate,7,2,5,0.2857142857142857,17883,15054,99,5,1,11,464,2,0.2675326983665324,prepaid,False,1
customer_0569,Pune,business,suite,corporate,8,1,7,0.125,12222,15284,77,5,4,2,562,3,0.037274887993038686,pay_at_hotel,False,1
customer_0570,Kolkata,business,standard,ota,8,1,7,0.125,9563,17540,81,4,2,10,68,2,0.6410643631152027,pay_at_hotel,True,1
customer_0571,Delhi,business,standard,corporate,8,2,6,0.25,17745,8522,38,4,1,4,1454,2,0.24065347556576444,prepaid,True,0
customer_0572,Hyderabad,business,suite,ota,5,1,4,0.2,10799,8296,75,4,4,3,1453,2,0.7556965094242524,prepaid,False,1
customer_0573,Chennai,business,suite,direct,5,1,4,0.2,11987,12266,109,3,3,9,1018,1,0.04272389658042919,pay_at_hotel,False,0
customer_0574,Goa,leisure,deluxe,corporate,14,1,13,0.07142857142857142,16573,11904,58,7,3,2,564,3,0.8159310621992495,pay_at_hotel,False,0
customer_0575,Jaipur,leisure,standard,ota,12,2,10,0.16666666666666666,10404,4817,9,1,1,6,925,2,0.854147306406393,pay_at_hotel,True,0
customer_0576,Mumbai,leisure,deluxe,direct,5,1,4,0.2,4367,20444,92,6,1,12,234,1,0.7438493931000214,card,True,0
customer_0577,Pune,business,suite,ota,14,4,10,0.2857142857142857,4134,5092,88,7,4,2,1089,0,0.9238088795840816,prepaid,False,1
customer_0578,Bengaluru,business,suite,direct,0,0,0,0.0,17908,7561,55,3,4,6,1368,0,0.22010157274543907,prepaid,True,0
customer_0579,Kolkata,leisure,deluxe,corporate,6,0,6,0.0,9724,17695,91,3,4,5,858,0,0.26616181836401176,pay_at_hotel,True,0
customer_0580,Bengaluru,business,deluxe,direct,2,1,1,0.5,3092,17526,66,7,1,8,855,0,0.8868059392806316,card,True,0
customer_0581,Bengaluru,leisure,suite,corporate,9,0,9,0.0,7274,10327,111,4,4,3,35,1,0.136470164542689,pay_at_hotel,True,1
customer_0582,Mumbai,leisure,suite,corporate,6,0,6,0.0,12200,4493,2,5,2,11,103,0,0.19189427212540744,card,False,0
customer_0583,Delhi,leisure,suite,corporate,0,0,0,0.0,10572,4124,80,4,1,3,1275,1,0.7292409788431715,card,False,1
customer_0584,Mumbai,leisure,suite,ota,0,0,0,0.0,8305,5086,74,4,1,1,806,0,0.13960278578624907,pay_at_hotel,True,1
customer_0585,Hyderabad,leisure,suite,corporate,8,2,6,0.25,6171,18785,33,7,1,2,64,1,0.6003214700466446,pay_at_hotel,False,0
customer_0586,Delhi,leisure,deluxe,ota,7,3,4,0.42857142857142855,8493,13389,32,5,1,7,1294,1,0.05594087397445002,prepaid,True,0
customer_0587,Bengaluru,leisure,standard,direct,5,0,5,0.0,17535,3793,119,1,4,7,57,0,0.2874962887966661,prepaid,True,0
customer_0588,Bengaluru,leisure,deluxe,direct,4,0,4,0.0,5453,18835,32,7,1,2,667,2,0.15670845628560814,prepaid,True,0
customer_0589,Goa,leisure,standard,ota,1,0,1,0.0,13867,15178,83,7,4,9,1149,3,0.7209621638267112,prepaid,False,1
customer_0590,Chennai,business,standard,ota,12,0,12,0.0,2561,13190,51,3,4,2,1034,0,0.34110203942305783,pay_at_hotel,False,0
customer_0591,Chennai,leisure,deluxe,corporate,8,2,6,0.25,2638,14248,77,5,3,12,592,1,0.3922052040142008,card,False,0
customer_0592,Kolkata,business,suite,ota,3,1,2,0.3333333333333333,9177,14029,119,1,1,12,791,1,0.6605677932075106,card,True,0
customer_0593,Jaipur,leisure,deluxe,corporate,2,1,1,0.5,3241,7619,16,6,1,2,1317,0,0.48596950376780523,card,False,0
customer_0594,Kolkata,leisure,standard,ota,7,0,7,0.0,10341,21588,95,3,2,4,838,1,0.14716388268594427,prepaid,True,1
customer_0595,Pune,leisure,standard,direct,10,1,9,0.1,10091,3112,111,6,2,5,946,2,0.24767800069016233,prepaid,False,0
customer_0596,Hyderabad,business,suite,ota,5,0,5,0.0,5847,13027,84,2,3,1,218,2,0.1134315113659995,pay_at_hotel,True,1
customer_0597,Kolkata,leisure,deluxe,ota,7,1,6,0.14285714285714285,17426,10958,57,6,4,3,657,1,0.07508938063319093,pay_at_hotel,False,0
customer_0598,Delhi,business,deluxe,ota,1,0,1,0.0,3076,21330,101,2,4,2,250,2,0.9375623209065953,prepaid,True,0
customer_0599,Mumbai,business,deluxe,direct,14,2,12,0.14285714285714285,7364,18748,21,3,2,11,870,3,0.6508859263236664,card,False,0
customer_0600,Jaipur,business,deluxe,direct,10,3,7,0.3,13418,11264,30,6,2,5,1257,0,0.8010761326078425,prepaid,False,1
customer_0601,Mumbai,leisure,deluxe,direct,0,0,0,0.0,15198,11495,98,1,1,1,591,2,0.21016516249231165,pay_at_hotel,True,0
customer_0602,Goa,business,deluxe,direct,6,2,4,0.3333333333333333,3842,16076,8,7,4,3,841,3,0.9685548109027556,pay_at_hotel,False,0
customer_0603,Kolkata,leisure,suite,corporate,5,1,4,0.2,12467,20606,109,1,1,10,474,3,0.6443735281784868,card,False,0
customer_0604,Jaipur,business,deluxe,ota,12,2,10,0.16666666666666666,13699,18955,25,6,1,1,1039,1,0.34939642508239954,card,False,1
customer_0605,Mumbai,business,suite,corporate,10,3,7,0.3,2656,21064,5,4,1,7,525,2,0.48874049933643726,pay_at_hotel,True,0
customer_0606,Jaipur,leisure,deluxe,direct,3,1,2,0.3333333333333333,5356,7922,46,6,4,9,868,1,0.24982467365181793,pay_at_hotel,False,0
customer_0607,Goa,leisure,deluxe,corporate,6,1,5,0.16666666666666666,6609,11655,56,3,3,5,690,0,0.7138092142026506,pay_at_hotel,True,0
customer_0608,Pune,leisure,suite,direct,1,0,1,0.0,17297,10533,106,3,3,7,742,2,0.772537912454397,card,True,0
customer_0609,Chennai,business,standard,corporate,13,2,11,0.15384615384615385,9024,7835,94,7,1,7,1252,1,0.3481962181548629,prepaid,True,0
customer_0610,Jaipur,business,standard,ota,6,2,4,0.3333333333333333,5687,20088,16,3,3,2,1053,1,0.05160766497226266,card,False,0
customer_0611,Bengaluru,leisure,suite,ota,14,1,13,0.07142857142857142,6411,6487,78,3,4,6,769,2,0.8719898637238855,pay_at_hotel,True,0
customer_0612,Mumbai,business,suite,direct,9,3,6,0.3333333333333333,17631,12632,21,3,1,6,204,2,0.3188631494960953,pay_at_hotel,False,0
customer_0613,Mumbai,business,deluxe,ota,2,1,1,0.5,10861,17967,56,6,4,2,472,0,0.00241139743167762,prepaid,True,1
customer_0614,Chennai,leisure,standard,direct,1,1,0,1.0,5783,4674,87,3,1,5,1137,2,0.9467868615146531,pay_at_hotel,True,1
customer_0615,Pune,leisure,suite,direct,8,1,7,0.125,4330,6456,39,3,3,7,1042,2,0.7828577166454253,prepaid,False,1
customer_0616,Kolkata,business,suite,ota,4,0,4,0.0,8872,5027,14,5,2,4,163,2,0.5991459275877076,card,True,0
customer_0617,Jaipur,leisure,deluxe,direct,5,0,5,0.0,13340,19159,105,7,3,11,1201,3,0.22560920423184416,prepaid,False,0
customer_0618,Mumbai,business,standard,corporate,7,1,6,0.14285714285714285,6912,9602,57,7,2,6,410,1,0.7467304458807168,card,True,0
customer_0619,Bengaluru,business,suite,corporate,7,1,6,0.14285714285714285,7643,16400,11,6,3,4,63,2,0.8553116678744016,pay_at_hotel,False,0
customer_0620,Delhi,leisure,suite,ota,9,3,6,0.3333333333333333,17872,18080,115,5,3,7,172,0,0.7903145097440284,prepaid,False,1
customer_0621,Chennai,leisure,suite,direct,6,0,6,0.0,14803,17268,84,6,1,12,1102,3,0.25454721178600914,prepaid,True,1
customer_0622,Bengaluru,leisure,deluxe,ota,4,0,4,0.0,4987,15263,119,3,4,2,18,2,0.47203762253113846,pay_at_hotel,False,0
customer_0623,Jaipur,leisure,suite,direct,5,2,3,0.4,16744,8876,9,6,1,1,1348,3,0.04664690425861273,card,True,0
customer_0624,Mumbai,leisure,standard,direct,11,1,10,0.09090909090909091,4817,17710,95,1,2,8,1097,3,0.21060418611309517,pay_at_hotel,False,0
customer_0625,Mumbai,business,deluxe,corporate,4,0,4,0.0,4728,3366,43,7,1,4,406,0,0.512921577555336,prepaid,False,0
customer_0626,Chennai,business,deluxe,direct,6,1,5,0.16666666666666666,5160,17485,120,4,1,12,880,0,0.7428665843155082,pay_at_hotel,False,1
customer_0627,Bengaluru,business,suite,corporate,13,4,9,0.3076923076923077,17445,12600,87,1,1,7,64,2,0.27997768715614324,prepaid,True,1
customer_0628,Mumbai,business,deluxe,direct,1,0,1,0.0,15737,18157,101,5,1,8,1313,2,0.45250839859452874,prepaid,False,1
customer_0629,Goa,leisure,deluxe,corporate,5,2,3,0.4,14324,11044,72,4,3,8,1128,3,0.6993123756941095,prepaid,True,0
customer_0630,Mumbai,business,suite,ota,4,0,4,0.0,14243,6947,73,3,4,1,1439,1,0.6017588970594852,card,True,1
customer_0631,Delhi,business,suite,ota,11,2,9,0.18181818181818182,15679,7517,90,7,2,7,1012,1,0.6929752101992367,pay_at_hotel,False,0
customer_0632,Kolkata,business,deluxe,direct,14,2,12,0.14285714285714285,3946,17731,120,1,2,7,26,3,0.2716957472726703,prepaid,False,0
customer_0633,Mumbai,leisure,standard,direct,2,0,2,0.0,7220,19386,74,1,2,9,617,1,0.5094986051377748,prepaid,False,0
customer_0634,Kolkata,business,standard,corporate,10,1,9,0.1,6638,6033,16,5,4,5,410,0,0.4279137204899498,prepaid,True,0
customer_0635,Jaipur,business,standard,ota,0,0,0,0.0,8327,15015,119,5,3,9,913,0,0.8808465308105725,pay_at_hotel,True,0
customer_0636,Bengaluru,leisure,standard,corporate,6,0,6,0.0,8483,20564,32,5,1,9,1227,2,0.3390319418974882,prepaid,True,1
customer_0637,Kolkata,business,standard,corporate,9,0,9,0.0,14003,3001,36,5,3,12,944,2,0.52509479585618,prepaid,True,0
customer_0638,Bengaluru,business,deluxe,corporate,1,1,0,1.0,7652,13072,72,6,4,4,203,3,0.25507676134233237,card,True,0
customer_0639,Pune,business,deluxe,corporate,10,1,9,0.1,6300,6249,10,3,3,7,721,1,0.6830522170387242,prepaid,False,0
customer_0640,Jaipur,leisure,standard,ota,14,0,14,0.0,16259,4463,108,4,3,1,1236,2,0.35280943622785954,prepaid,False,0
customer_0641,Chennai,leisure,standard,ota,14,2,12,0.14285714285714285,5486,11772,55,7,4,10,553,1,0.2794399727194734,card,False,1
customer_0642,Bengaluru,leisure,deluxe,direct,7,1,6,0.14285714285714285,17678,20334,87,1,1,5,687,3,0.16679721382380241,pay_at_hotel,False,0
customer_0643,Pune,leisure,standard,ota,7,0,7,0.0,3734,5517,19,5,1,8,574,3,0.7398946312315234,pay_at_hotel,True,0
customer_0644,Hyderabad,business,standard,ota,5,0,5,0.0,4504,2916,54,3,2,1,584,1,0.27513075532634,prepaid,False,0
customer_0645,Pune,business,suite,corporate,11,3,8,0.2727272727272727,9666,13082,66,1,3,12,211,0,0.5968380379296185,prepaid,True,0
customer_0646,Goa,business,suite,direct,4,0,4,0.0,3970,8449,72,3,1,5,916,0,0.45546330017314207,pay_at_hotel,False,1
customer_0647,Kolkata,business,deluxe,ota,10,1,9,0.1,15560,17659,4,1,2,10,438,3,0.41366027069371947,card,False,1
customer_0648,Jaipur,business,suite,corporate,3,1,2,0.3333333333333333,12464,21216,71,1,4,5,713,1,0.3919096766663541,card,False,0
customer_0649,Chennai,leisure,deluxe,direct,5,1,4,0.2,15372,21553,110,3,1,7,302,1,0.722906601964936,prepaid,False,0
customer_0650,Delhi,leisure,standard,ota,8,0,8,0.0,9521,13757,75,5,3,9,1137,0,0.37480312081744727,card,True,0
customer_0651,Chennai,leisure,suite,direct,4,1,3,0.25,17637,14820,18,2,1,7,1427,0,0.4072519392909919,prepaid,True,0
customer_0652,Goa,leisure,standard,corporate,12,3,9,0.25,17225,7852,46,5,2,11,1182,3,0.28579247711059697,prepaid,False,1
customer_0653,Jaipur,leisure,standard,corporate,5,1,4,0.2,4414,6249,48,1,1,12,551,2,0.9364509147084885,prepaid,False,1
customer_0654,Jaipur,leisure,suite,direct,11,2,9,0.18181818181818182,12109,16841,69,1,3,10,740,2,0.2574698932285242,pay_at_hotel,True,0
customer_0655,Jaipur,business,suite,direct,14,1,13,0.07142857142857142,16319,3590,32,7,3,9,764,3,0.7228282620421065,prepaid,False,0
customer_0656,Jaipur,business,deluxe,ota,11,1,10,0.09090909090909091,17279,4001,10,3,4,11,556,2,0.40777073066324054,card,False,0
customer_0657,Mumbai,business,standard,ota,2,0,2,0.0,7649,8897,22,2,4,11,555,0,0.3247566437552345,pay_at_hotel,True,0
customer_0658,Goa,leisure,deluxe,ota,4,0,4,0.0,13054,11834,63,3,3,4,656,0,0.2264351900997762,pay_at_hotel,False,1
customer_0659,Delhi,leisure,standard,corporate,7,1,6,0.14285714285714285,16098,15718,87,5,2,5,140,3,0.9373113039713239,card,True,0
customer_0660,Bengaluru,leisure,deluxe,ota,10,2,8,0.2,7487,11086,32,7,1,10,315,0,0.12390034578331022,prepaid,True,1
customer_0661,Hyderabad,leisure,deluxe,ota,13,2,11,0.15384615384615385,13611,20975,63,5,4,4,108,1,0.817102850332752,prepaid,True,0
customer_0662,Bengaluru,leisure,deluxe,corporate,12,1,11,0.08333333333333333,12832,11011,119,3,3,1,1124,3,0.3493216752360554,card,False,1
customer_0663,Pune,leisure,deluxe,direct,9,2,7,0.2222222222222222,9686,17147,73,4,3,5,334,0,0.2605174051925322,pay_at_hotel,True,0
customer_0664,Hyderabad,leisure,suite,direct,0,0,0,0.0,11395,16164,117,2,3,9,965,0,0.905547048435459,card,True,1
customer_0665,Chennai,leisure,deluxe,corporate,8,1,7,0.125,7012,16310,32,5,4,5,1159,3,0.7235348838965485,card,True,0
customer_0666,Hyderabad,business,suite,corporate,12,2,10,0.16666666666666666,12295,16349,107,3,3,1,715,1,0.550037452711099,prepaid,False,0
customer_0667,Jaipur,business,deluxe,corporate,5,0,5,0.0,12833,5926,41,1,4,7,341,2,0.1731970866331951,pay_at_hotel,True,0
customer_0668,Pune,leisure,standard,direct,11,1,10,0.09090909090909091,11198,16225,93,6,1,9,1231,3,0.7860363176458435,prepaid,False,0
customer_0669,Goa,leisure,standard,ota,10,4,6,0.4,17747,7851,69,5,1,8,1202,0,0.005181749835357574,pay_at_hotel,False,1
customer_0670,Goa,leisure,standard,ota,1,1,0,1.0,15493,7394,31,7,3,7,587,3,0.7420497533209206,card,False,0
customer_0671,Kolkata,leisure,deluxe,direct,11,2,9,0.18181818181818182,15455,12807,23,6,1,1,380,0,0.5282924896043568,pay_at_hotel,False,0
customer_0672,Pune,leisure,deluxe,direct,8,2,6,0.25,8413,17100,1,4,1,7,40,0,0.9867119790312812,pay_at_hotel,True,0
customer_0673,Chennai,business,deluxe,direct,14,2,12,0.14285714285714285,3738,4458,72,2,3,8,1475,3,0.0009553334234805311,pay_at_hotel,False,1
customer_0674,Mumbai,business,suite,ota,6,0,6,0.0,13947,12258,15,2,4,3,1389,0,0.19739641063361602,pay_at_hotel,False,0
customer_0675,Hyderabad,business,standard,direct,1,1,0,1.0,8957,21265,118,4,2,4,1469,3,0.2212213900245774,pay_at_hotel,False,0
customer_0676,Bengaluru,leisure,suite,ota,0,0,0,0.0,4675,3954,16,7,3,4,609,1,0.012336164449205822,prepaid,False,1
customer_0677,Goa,leisure,suite,corporate,4,0,4,0.0,7932,18299,16,3,1,9,138,2,0.21704630315825957,pay_at_hotel,False,0
customer_0678,Chennai,leisure,deluxe,direct,3,0,3,0.0,4291,18386,96,2,4,10,1213,1,0.7949175830914994,card,True,0
customer_0679,Bengaluru,business,standard,direct,3,1,2,0.3333333333333333,17673,17040,21,3,2,6,1069,2,0.8369503623191604,pay_at_hotel,True,0
customer_0680,Bengaluru,business,standard,ota,0,0,0,0.0,6141,14546,32,6,1,11,509,3,0.5719023269668166,prepaid,True,0
customer_0681,Jaipur,leisure,deluxe,corporate,0,0,0,0.0,4951,3373,44,3,2,2,1397,3,0.5843924473886134,card,True,0
customer_0682,Hyderabad,leisure,suite,ota,11,3,8,0.2727272727272727,6063,13930,97,3,3,10,598,2,0.9555278684226207,prepaid,True,1
customer_0683,Chennai,leisure,suite,corporate,13,6,7,0.46153846153846156,9240,8683,106,3,4,6,647,2,0.13046755477242822,card,False,1
customer_0684,Bengaluru,leisure,suite,direct,6,0,6,0.0,4921,12020,82,5,2,5,1069,0,0.09488117867166845,card,True,0
customer_0685,Goa,business,deluxe,ota,12,1,11,0.08333333333333333,5752,17394,42,4,1,9,43,3,0.5785522493158853,card,True,0
customer_0686,Mumbai,business,suite,direct,5,2,3,0.4,11588,11294,103,3,2,3,856,1,0.9317144800492464,card,False,0
customer_0687,Delhi,business,deluxe,ota,6,0,6,0.0,6537,12923,59,4,1,9,282,2,0.35839673430580155,prepaid,False,1
customer_0688,Chennai,business,suite,direct,13,4,9,0.3076923076923077,9264,13940,117,3,3,5,535,0,0.4027950924443964,prepaid,True,1
customer_0689,Chennai,business,standard,ota,3,0,3,0.0,13221,15347,68,4,1,6,584,3,0.9559842693402016,pay_at_hotel,False,0
customer_0690,Hyderabad,business,suite,ota,3,1,2,0.3333333333333333,2587,4262,85,4,4,11,909,3,0.5437688218921786,pay_at_hotel,False,1
customer_0691,Chennai,leisure,suite,ota,0,0,0,0.0,17097,14655,43,5,4,8,812,3,0.06826310555190063,card,True,0
customer_0692,Hyderabad,business,standard,direct,13,1,12,0.07692307692307693,10618,7417,34,6,1,7,988,2,0.026889640310256202,prepaid,False,0
customer_0693,Mumbai,leisure,standard,direct,4,3,1,0.75,12506,8408,116,3,4,8,878,3,0.3645762477430684,pay_at_hotel,True,0
customer_0694,Chennai,leisure,suite,direct,5,1,4,0.2,15210,4518,102,1,2,9,1480,0,0.19695466966549147,card,True,0
customer_0695,Pune,business,deluxe,direct,11,2,9,0.18181818181818182,12873,12521,62,4,3,1,473,1,0.9080415620455077,card,True,1
customer_0696,Mumbai,business,suite,ota,11,3,8,0.2727272727272727,11217,20648,107,2,1,12,480,1,0.9129130838821744,pay_at_hotel,True,0
customer_0697,Bengaluru,leisure,suite,corporate,5,2,3,0.4,6092,2910,42,6,1,5,534,2,0.6121586173620351,pay_at_hotel,True,0
customer_0698,Goa,business,standard,direct,0,0,0,0.0,16953,16611,11,2,4,5,1196,3,0.5742714699195859,prepaid,True,0
customer_0699,Mumbai,leisure,deluxe,corporate,2,0,2,0.0,12227,18664,16,7,3,9,49,0,0.9078495019625249,pay_at_hotel,True,0
customer_0700,Hyderabad,leisure,suite,ota,11,3,8,0.2727272727272727,9512,20579,80,1,1,10,1180,3,0.3945700102883103,prepaid,False,1
customer_0701,Bengaluru,leisure,standard,direct,5,0,5,0.0,15421,14551,87,7,1,12,35,1,0.3270197123445858,prepaid,False,1
customer_0702,Chennai,business,standard,corporate,7,3,4,0.42857142857142855,17504,18441,48,3,2,2,415,2,0.21154322698383277,pay_at_hotel,False,0
customer_0703,Kolkata,business,deluxe,corporate,13,3,10,0.23076923076923078,17509,10086,68,4,1,2,1001,3,0.5468168682717709,pay_at_hotel,False,0
customer_0704,Delhi,business,suite,ota,3,0,3,0.0,9889,16680,7,4,2,4,195,0,0.1576465649121419,prepaid,True,0
customer_0705,Goa,business,standard,corporate,14,2,12,0.14285714285714285,2763,9994,107,2,2,8,858,1,0.7700925389590887,card,True,0
customer_0706,Pune,leisure,deluxe,direct,6,0,6,0.0,16664,21133,23,7,4,6,447,0,0.5362355350220966,card,False,0
customer_0707,Kolkata,business,deluxe,corporate,12,1,11,0.08333333333333333,8805,4044,8,3,3,5,924,1,0.9449968278943381,prepaid,False,0
customer_0708,Chennai,business,deluxe,direct,3,0,3,0.0,5975,17635,95,7,2,3,21,0,0.7383189369523997,prepaid,True,0
customer_0709,Kolkata,business,suite,ota,12,1,11,0.08333333333333333,17000,8728,78,4,2,4,251,1,0.5153643488293872,prepaid,True,1
customer_0710,Kolkata,leisure,deluxe,ota,0,0,0,0.0,5777,17090,116,6,4,4,1105,2,0.5949943722599202,prepaid,True,0
customer_0711,Chennai,business,standard,corporate,9,0,9,0.0,4868,19613,14,1,3,3,191,1,0.49640580445979965,prepaid,True,0
customer_0712,Kolkata,leisure,suite,ota,10,0,10,0.0,15403,8536,120,5,3,9,1073,2,0.00966305376024823,prepaid,False,1
customer_0713,Kolkata,business,suite,ota,6,1,5,0.16666666666666666,13873,6862,12,6,4,9,1100,0,0.048367426199151575,card,True,0
customer_0714,Chennai,business,deluxe,ota,5,1,4,0.2,7369,9141,45,2,2,2,904,2,0.53848460951904,card,True,0
customer_0715,Chennai,business,deluxe,ota,10,0,10,0.0,13978,15235,43,1,3,11,860,3,0.003481923684611754,card,False,1
customer_0716,Kolkata,leisure,deluxe,direct,14,2,12,0.14285714285714285,7978,9117,94,6,2,5,580,1,0.48014246882872536,pay_at_hotel,False,0
customer_0717,Kolkata,business,deluxe,direct,4,2,2,0.5,5116,12306,64,6,2,4,86,3,0.2643216129849856,card,False,1
customer_0718,Bengaluru,leisure,standard,corporate,1,1,0,1.0,4175,11187,3,1,4,9,1115,3,0.5022779118089321,prepaid,True,1
customer_0719,Mumbai,business,deluxe,ota,9,1,8,0.1111111111111111,17751,16781,69,4,3,9,543,3,0.8482755480042915,card,True,0
customer_0720,Goa,leisure,deluxe,direct,1,0,1,0.0,13603,8514,73,6,3,1,1305,1,0.36266465785701696,card,True,1
customer_0721,Chennai,leisure,standard,direct,0,0,0,0.0,7030,9360,65,2,1,3,857,3,0.7712878409517714,card,False,1
customer_0722,Goa,business,standard,ota,10,0,10,0.0,7671,6715,14,6,4,8,761,1,0.12926594589539908,card,False,0
customer_0723,Kolkata,business,deluxe,direct,4,0,4,0.0,16504,15143,26,3,2,7,406,0,0.11236987409269117,card,False,0
customer_0724,Jaipur,leisure,suite,direct,8,1,7,0.125,16752,14830,81,1,2,7,482,2,0.8933758158837523,card,True,0
customer_0725,Bengaluru,leisure,suite,direct,13,1,12,0.07692307692307693,17024,11079,7,1,3,8,199,3,0.976670366806066,prepaid,True,0
customer_0726,Kolkata,leisure,deluxe,direct,9,1,8,0.1111111111111111,16492,2750,10,5,1,9,27,3,0.2585379667909018,pay_at_hotel,True,0
customer_0727,Hyderabad,business,standard,corporate,12,3,9,0.25,11804,13311,50,7,3,8,484,1,0.37112755655273166,pay_at_hotel,True,0
customer_0728,Kolkata,leisure,deluxe,ota,0,0,0,0.0,7138,6763,98,4,3,7,606,1,0.9981530006126929,pay_at_hotel,False,0
customer_0729,Kolkata,leisure,suite,direct,14,2,12,0.14285714285714285,4666,19997,53,1,2,4,1174,3,0.7683525058504805,prepaid,True,0
customer_0730,Hyderabad,business,deluxe,corporate,5,0,5,0.0,13114,19551,50,2,3,12,1266,2,0.7418892668382021,prepaid,False,1
customer_0731,Kolkata,leisure,suite,direct,1,0,1,0.0,17316,3576,42,1,2,11,743,2,0.7019628883735499,card,True,0
customer_0732,Pune,leisure,deluxe,ota,5,0,5,0.0,11375,16114,14,4,2,2,46,2,0.3271566608580422,card,True,0
customer_0733,Hyderabad,leisure,standard,ota,10,1,9,0.1,17556,3743,57,5,3,10,1263,0,0.5282310697764423,card,False,1
customer_0734,Mumbai,business,deluxe,corporate,3,1,2,0.3333333333333333,11041,21881,92,6,2,3,1487,3,0.9352020913957291,pay_at_hotel,False,0
customer_0735,Jaipur,leisure,deluxe,ota,2,1,1,0.5,10744,9673,57,7,2,3,1198,3,0.40157095380329677,pay_at_hotel,False,0
customer_0736,Chennai,leisure,deluxe,corporate,4,2,2,0.5,17952,6514,32,5,3,7,677,2,0.023804877836338556,card,True,0
customer_0737,Hyderabad,business,standard,ota,12,2,10,0.16666666666666666,3787,9793,80,3,3,5,1432,0,0.24732327353976746,prepaid,True,1
customer_0738,Kolkata,business,standard,ota,10,0,10,0.0,10687,7169,100,7,3,12,963,0,0.5094746851292544,pay_at_hotel,False,0
customer_0739,Hyderabad,business,suite,direct,2,0,2,0.0,13790,15489,41,3,2,3,316,1,0.04528522509163657,prepaid,True,0
customer_0740,Jaipur,leisure,standard,direct,11,1,10,0.09090909090909091,3380,10798,93,4,2,10,1284,3,0.11787547075695992,pay_at_hotel,False,0
customer_0741,Hyderabad,business,deluxe,corporate,3,0,3,0.0,12111,15271,94,2,1,10,795,1,0.7384792656062277,prepaid,False,1
customer_0742,Pune,business,deluxe,ota,0,0,0,0.0,15151,13107,53,5,4,3,1180,2,0.5414499605548907,pay_at_hotel,True,0
customer_0743,Bengaluru,business,suite,corporate,9,2,7,0.2222222222222222,11632,19208,54,6,4,6,68,3,0.12043899381150813,pay_at_hotel,False,0
customer_0744,Goa,business,suite,corporate,6,1,5,0.16666666666666666,6858,16838,68,4,3,4,5,3,0.3774694830931572,card,False,0
customer_0745,Delhi,leisure,suite,corporate,14,0,14,0.0,7272,4306,30,5,4,6,673,0,0.8736397464358032,pay_at_hotel,False,0
customer_0746,Kolkata,business,standard,ota,1,0,1,0.0,8373,10618,92,7,4,6,1039,3,0.540599571466741,card,True,0
customer_0747,Hyderabad,leisure,deluxe,corporate,3,0,3,0.0,4936,5948,103,6,1,3,1332,3,0.379551107074678,prepaid,False,1
customer_0748,Delhi,business,suite,ota,9,1,8,0.1111111111111111,13134,16088,97,4,4,9,509,1,0.03061060956023609,card,True,0
customer_0749,Chennai,leisure,standard,corporate,1,0,1,0.0,2655,7388,73,4,2,8,546,3,0.4556968600211837,card,True,0
customer_0750,Jaipur,business,suite,corporate,13,1,12,0.07692307692307693,14749,13605,39,4,1,5,1206,2,0.967156644016167,prepaid,False,1
customer_0751,Hyderabad,business,standard,ota,10,2,8,0.2,6463,14270,41,6,2,9,466,1,0.8762271108395037,pay_at_hotel,False,1
customer_0752,Mumbai,leisure,suite,direct,6,0,6,0.0,6938,2558,72,4,1,1,1054,1,0.8397612482502805,pay_at_hotel,False,0
customer_0753,Mumbai,business,standard,direct,8,1,7,0.125,13984,17945,96,6,1,9,1128,2,0.038920530786573426,card,False,0
customer_0754,Kolkata,business,suite,direct,1,0,1,0.0,11625,8553,90,5,3,11,50,3,0.26131011545636296,prepaid,True,0
customer_0755,Goa,business,suite,direct,1,0,1,0.0,10757,15140,5,7,1,4,682,0,0.32941221611176796,card,True,1
customer_0756,Bengaluru,leisure,deluxe,direct,9,1,8,0.1111111111111111,12716,9575,44,1,3,6,1366,1,0.14968922447813082,prepaid,True,0
customer_0757,Kolkata,leisure,standard,corporate,5,1,4,0.2,8049,3943,22,3,3,8,1194,3,0.662688239103272,pay_at_hotel,True,0
customer_0758,Mumbai,business,suite,ota,5,2,3,0.4,17763,2857,75,2,1,9,616,1,0.9004807465059209,card,True,0
customer_0759,Hyderabad,leisure,deluxe,direct,14,0,14,0.0,12958,20630,98,3,4,10,1413,2,0.8455446425540043,prepaid,False,1
customer_0760,Pune,business,standard,corporate,10,0,10,0.0,11138,6719,53,6,1,10,255,1,0.3056626271110431,pay_at_hotel,False,0
customer_0761,Mumbai,leisure,deluxe,corporate,3,0,3,0.0,3613,14645,11,5,1,7,760,2,0.2509069794637485,card,True,0
customer_0762,Goa,leisure,standard,ota,13,4,9,0.3076923076923077,16244,21394,35,1,1,8,1256,3,0.35999279478012935,card,False,1
customer_0763,Bengaluru,business,suite,direct,3,2,1,0.6666666666666666,16372,5267,85,5,2,2,214,3,0.5102872691763625,pay_at_hotel,True,1
customer_0764,Chennai,leisure,suite,direct,5,1,4,0.2,2718,6563,6,2,4,9,1349,3,0.9583528131504183,card,False,0
customer_0765,Kolkata,business,suite,ota,13,2,11,0.15384615384615385,11845,19975,18,6,4,3,1223,3,0.9471414668162196,card,True,0
customer_0766,Hyderabad,leisure,deluxe,direct,2,1,1,0.5,3360,7708,68,1,2,5,202,1,0.23224615799246995,pay_at_hotel,True,0
customer_0767,Delhi,leisure,suite,ota,14,4,10,0.2857142857142857,2819,7922,115,5,2,7,327,3,0.8400843726481325,prepaid,True,0
customer_0768,Bengaluru,business,deluxe,ota,8,2,6,0.25,6234,4471,87,4,4,3,1064,1,0.6255829745384388,prepaid,True,1
customer_0769,Bengaluru,leisure,deluxe,ota,2,1,1,0.5,13650,10557,13,3,4,9,499,3,0.5917374244576918,prepaid,True,0
customer_0770,Goa,leisure,suite,direct,2,0,2,0.0,9156,11398,68,1,2,12,125,0,0.17033707037759038,card,False,0
customer_0771,Mumbai,leisure,suite,corporate,6,1,5,0.16666666666666666,6125,20657,51,7,2,7,740,2,0.39322665960100844,pay_at_hotel,True,0
customer_0772,Delhi,leisure,deluxe,ota,11,4,7,0.36363636363636365,7221,2707,85,7,3,7,1322,0,0.23303922059858295,pay_at_hotel,False,0
customer_0773,Mumbai,business,deluxe,direct,8,3,5,0.375,15740,5553,45,1,2,12,42,1,0.5336105190679049,card,False,0
customer_0774,Pune,business,deluxe,direct,11,2,9,0.18181818181818182,17666,17175,119,5,4,8,315,2,0.07690833050541446,pay_at_hotel,True,1
customer_0775,Mumbai,leisure,deluxe,direct,8,2,6,0.25,6132,20821,107,1,1,5,1109,0,0.26454652801742706,card,True,1
customer_0776,Pune,leisure,deluxe,direct,0,0,0,0.0,9507,11173,104,2,4,10,298,2,0.7487140885678323,prepaid,False,0
customer_0777,Pune,business,deluxe,corporate,10,0,10,0.0,8111,7569,92,5,3,4,977,1,0.9465548880182547,prepaid,True,1
customer_0778,Bengaluru,business,deluxe,ota,11,2,9,0.18181818181818182,13743,18057,113,3,2,12,868,3,0.19537499730596453,card,True,1
customer_0779,Jaipur,leisure,deluxe,direct,14,2,12,0.14285714285714285,16887,16121,94,5,4,11,25,3,0.8242590099547736,card,False,0
customer_0780,Bengaluru,business,standard,corporate,4,0,4,0.0,6880,11024,67,3,2,5,425,2,0.6048245580761592,pay_at_hotel,True,0
customer_0781,Delhi,leisure,deluxe,corporate,8,0,8,0.0,5911,18613,17,4,3,7,779,3,0.6239139400947676,prepaid,True,0
customer_0782,Goa,business,deluxe,ota,9,1,8,0.1111111111111111,11071,7615,26,2,1,4,333,3,0.672023113212752,pay_at_hotel,True,0
customer_0783,Kolkata,leisure,suite,corporate,10,1,9,0.1,6122,10160,20,5,1,7,290,0,0.8933738088159103,card,True,0
customer_0784,Kolkata,leisure,suite,direct,11,1,10,0.09090909090909091,10398,18898,65,2,1,7,598,0,0.37389456154086287,card,True,0
customer_0785,Pune,business,standard,corporate,6,2,4,0.3333333333333333,12245,15534,23,7,4,11,224,2,0.6247422377872011,card,False,0
customer_0786,Pune,business,suite,corporate,14,0,14,0.0,11693,5459,25,7,2,12,555,2,0.3350467313247577,pay_at_hotel,True,0
customer_0787,Goa,leisure,deluxe,corporate,9,1,8,0.1111111111111111,6096,21479,17,2,1,1,1093,3,0.573981063944269,prepaid,False,0
customer_0788,Delhi,leisure,standard,direct,14,3,11,0.21428571428571427,6653,9103,38,3,1,10,1047,0,0.9493630502889856,prepaid,False,0
customer_0789,Jaipur,leisure,suite,direct,9,1,8,0.1111111111111111,2619,20515,74,1,4,12,482,2,0.6684219163313505,card,False,1
customer_0790,Bengaluru,business,standard,corporate,0,0,0,0.0,17129,5954,115,3,1,6,232,3,0.39126940758415074,prepaid,False,0
customer_0791,Goa,leisure,suite,corporate,0,0,0,0.0,3574,5198,16,5,4,3,804,3,0.24950019703327497,pay_at_hotel,True,0
customer_0792,Hyderabad,leisure,suite,corporate,7,0,7,0.0,12821,17128,45,5,4,8,1401,3,0.7312123485982135,prepaid,True,0
customer_0793,Goa,leisure,standard,corporate,5,0,5,0.0,12754,21508,39,3,4,6,1282,2,0.9256972667695845,card,False,0
customer_0794,Delhi,leisure,deluxe,ota,0,0,0,0.0,4138,11029,72,5,1,2,601,1,0.3493580457446336,card,True,0
customer_0795,Delhi,business,suite,corporate,3,2,1,0.6666666666666666,14789,11452,14,3,4,9,68,1,0.002408143816962416,prepaid,False,0
customer_0796,Goa,leisure,suite,ota,2,0,2,0.0,4351,13721,48,4,3,6,1001,2,0.9703361913794945,pay_at_hotel,True,0
customer_0797,Mumbai,leisure,deluxe,corporate,13,0,13,0.0,8076,8511,21,7,1,11,1115,1,0.428597533555637,card,False,0
customer_0798,Goa,business,suite,corporate,13,4,9,0.3076923076923077,13340,11984,8,1,3,8,1202,3,0.191771970665778,pay_at_hotel,False,1
customer_0799,Goa,business,suite,direct,9,2,7,0.2222222222222222,8231,6647,21,1,1,5,611,2,0.1637030615188585,prepaid,True,0
customer_0800,Bengaluru,leisure,suite,ota,13,3,10,0.23076923076923078,4683,6601,43,2,1,1,76,2,0.8826423842482511,card,True,1
customer_0801,Goa,leisure,standard,direct,12,2,10,0.16666666666666666,8931,18024,77,7,1,2,1205,0,0.9010086291707082,pay_at_hotel,False,0
customer_0802,Bengaluru,leisure,deluxe,direct,5,3,2,0.6,7682,19384,67,3,1,4,632,1,0.2059616377281469,pay_at_hotel,True,0
customer_0803,Pune,business,deluxe,direct,6,1,5,0.16666666666666666,8521,16601,27,3,3,6,190,2,0.10832267423789166,card,False,1
customer_0804,Jaipur,business,deluxe,ota,5,3,2,0.6,11272,8576,47,1,3,2,652,1,0.7014011293817086,pay_at_hotel,False,0
customer_0805,Goa,leisure,suite,corporate,0,0,0,0.0,16214,13172,80,6,2,7,924,0,0.5882609716331706,pay_at_hotel,True,0
customer_0806,Pune,leisure,suite,corporate,14,1,13,0.07142857142857142,13055,8336,100,7,3,2,750,1,0.2943807192230211,pay_at_hotel,False,0
customer_0807,Hyderabad,business,standard,direct,1,1,0,1.0,6081,19208,112,2,1,11,790,2,0.9666942441029371,prepaid,False,0
customer_0808,Jaipur,leisure,standard,corporate,7,0,7,0.0,2622,13512,95,2,1,6,1323,1,0.7630725190638621,pay_at_hotel,True,0
customer_0809,Mumbai,leisure,suite,direct,11,3,8,0.2727272727272727,13025,20781,50,3,1,4,699,1,0.8637195199080855,card,False,0
customer_0810,Kolkata,leisure,deluxe,corporate,9,0,9,0.0,3909,8899,82,7,1,4,1461,2,0.07893967570320448,prepaid,False,0
customer_0811,Kolkata,business,deluxe,direct,14,3,11,0.21428571428571427,11085,13252,85,5,2,11,336,2,0.5036768870376775,prepaid,False,0
customer_0812,Bengaluru,leisure,suite,ota,10,1,9,0.1,8955,8469,63,6,1,2,424,1,0.7935820118319684,prepaid,False,1
customer_0813,Mumbai,leisure,suite,corporate,6,2,4,0.3333333333333333,14703,2874,13,4,2,10,1042,3,0.9419634885885396,card,False,0
customer_0814,Kolkata,business,standard,corporate,1,0,1,0.0,16257,13028,86,7,3,8,790,0,0.9143276242873128,prepaid,False,1
customer_0815,Mumbai,leisure,deluxe,corporate,8,0,8,0.0,8730,17663,103,5,2,4,432,2,0.2402587459890747,prepaid,True,0
customer_0816,Bengaluru,leisure,deluxe,ota,4,1,3,0.25,8607,17691,35,1,3,8,1393,0,0.5504856032783381,prepaid,False,0
customer_0817,Hyderabad,business,standard,ota,1,0,1,0.0,3317,21368,89,6,1,10,370,2,0.748811801884228,card,False,0
customer_0818,Delhi,leisure,deluxe,corporate,6,0,6,0.0,6075,21482,5,6,1,3,1423,2,0.2570700480472482,prepaid,False,1
customer_0819,Hyderabad,leisure,deluxe,corporate,2,0,2,0.0,15832,21496,117,6,4,7,1378,2,0.6616358681905152,pay_at_hotel,True,0
customer_0820,Pune,business,deluxe,corporate,3,1,2,0.3333333333333333,13003,6824,96,7,3,6,449,3,0.3047116033027004,card,False,0
customer_0821,Hyderabad,leisure,suite,ota,3,0,3,0.0,16716,10602,67,4,4,9,295,3,0.6279035807471762,card,True,0
customer_0822,Goa,business,deluxe,ota,7,3,4,0.42857142857142855,6530,6498,49,2,3,1,235,1,0.3615980223075298,pay_at_hotel,False,1
customer_0823,Mumbai,business,deluxe,ota,8,2,6,0.25,11681,9557,71,4,4,8,34,2,0.04352358206706264,pay_at_hotel,True,0
customer_0824,Pune,leisure,deluxe,ota,3,1,2,0.3333333333333333,9117,21671,10,1,2,11,804,3,0.29895776421792086,prepaid,False,0
customer_0825,Goa,leisure,standard,direct,14,2,12,0.14285714285714285,15953,6836,116,2,2,2,279,2,0.6428102542887174,card,False,1
customer_0826,Pune,business,suite,corporate,14,2,12,0.14285714285714285,13762,9981,77,1,4,3,901,0,0.6795438552841065,prepaid,True,1
customer_0827,Hyderabad,leisure,suite,direct,5,0,5,0.0,6145,20158,75,4,2,7,568,0,0.6371040732889721,pay_at_hotel,False,0
customer_0828,Mumbai,business,standard,ota,9,1,8,0.1111111111111111,6911,2715,32,4,4,3,86,0,0.32142147496464823,prepaid,True,0
customer_0829,Jaipur,business,standard,direct,5,0,5,0.0,11846,11475,50,7,4,12,620,0,0.3438198844008101,prepaid,False,0
customer_0830,Bengaluru,business,deluxe,ota,9,1,8,0.1111111111111111,6818,18925,59,7,4,5,1385,3,0.6565506519961256,prepaid,False,0
customer_0831,Delhi,business,deluxe,direct,6,1,5,0.16666666666666666,11896,19840,30,7,2,3,552,0,0.7289720060005754,prepaid,True,0
customer_0832,Hyderabad,leisure,deluxe,direct,12,2,10,0.16666666666666666,14541,6158,94,3,4,6,369,2,0.7810904435825796,prepaid,True,1
customer_0833,Bengaluru,business,standard,ota,3,1,2,0.3333333333333333,12914,12366,95,1,1,10,874,1,0.14972204929646016,pay_at_hotel,False,1
customer_0834,Chennai,business,suite,ota,3,0,3,0.0,7826,6857,14,3,2,2,630,2,0.03886563553588818,prepaid,True,0
customer_0835,Mumbai,business,suite,ota,0,0,0,0.0,3899,16516,74,6,2,1,1041,0,0.19503321553805164,pay_at_hotel,False,0
customer_0836,Pune,leisure,standard,ota,14,3,11,0.21428571428571427,14135,8169,5,5,3,6,1388,3,0.35921468601454587,card,False,0
customer_0837,Hyderabad,leisure,deluxe,ota,1,0,1,0.0,17379,12854,3,6,1,4,1131,2,0.3351612493286884,prepaid,True,0
customer_0838,Goa,leisure,suite,direct,6,1,5,0.16666666666666666,11293,15519,2,6,2,9,1041,3,0.7787437138620732,card,True,0
customer_0839,Pune,business,standard,direct,8,1,7,0.125,16115,17886,97,2,1,4,737,0,0.3925350068974207,prepaid,False,0
customer_0840,Mumbai,leisure,suite,direct,0,0,0,0.0,8677,18371,13,6,2,2,1196,3,0.5650677832542129,card,True,1
customer_0841,Goa,business,suite,ota,1,1,0,1.0,3532,15745,67,2,3,6,228,3,0.8663629629420733,prepaid,False,0
customer_0842,Chennai,leisure,standard,direct,6,3,3,0.5,6082,5106,19,2,3,1,988,1,0.8188338654260512,prepaid,True,0
customer_0843,Jaipur,business,deluxe,ota,13,1,12,0.07692307692307693,9864,17014,67,4,3,8,494,0,0.4088472331174553,prepaid,False,1
customer_0844,Mumbai,leisure,suite,corporate,11,1,10,0.09090909090909091,2866,10180,16,1,4,4,1364,3,0.8230168828733218,card,False,0
customer_0845,Bengaluru,leisure,suite,ota,14,5,9,0.35714285714285715,11007,21002,72,6,1,10,1098,3,0.3841900099203077,prepaid,False,0
customer_0846,Delhi,leisure,deluxe,corporate,11,3,8,0.2727272727272727,17331,13931,89,4,1,9,1425,0,0.5556218811919182,prepaid,True,0
customer_0847,Jaipur,business,suite,ota,1,0,1,0.0,17039,4091,42,2,3,9,27,0,0.1373964493152765,pay_at_hotel,False,0
customer_0848,Bengaluru,leisure,suite,corporate,4,1,3,0.25,14858,15827,94,2,4,4,586,0,0.13539681170495765,prepaid,True,0
customer_0849,Kolkata,leisure,standard,direct,8,0,8,0.0,7471,19701,36,2,3,3,1186,1,0.8532271752989463,pay_at_hotel,True,1
customer_0850,Chennai,business,deluxe,ota,7,0,7,0.0,12549,18877,57,6,3,2,1312,1,0.7739988220946491,prepaid,False,1
customer_0851,Goa,leisure,standard,direct,0,0,0,0.0,7817,19653,118,4,1,9,415,3,0.6343211992182037,prepaid,False,0
customer_0852,Pune,leisure,deluxe,ota,11,0,11,0.0,3058,7679,19,3,4,1,1059,2,0.24472837271570047,card,False,1
customer_0853,Bengaluru,leisure,standard,corporate,5,0,5,0.0,3816,8404,68,2,2,11,264,3,0.34447770349143736,pay_at_hotel,True,0
customer_0854,Goa,business,suite,ota,13,3,10,0.23076923076923078,8212,19440,49,2,3,4,930,2,0.43130433111997424,pay_at_hotel,True,0
customer_0855,Goa,business,deluxe,corporate,3,0,3,0.0,12831,19416,24,6,2,1,110,1,0.44030114814678856,pay_at_hotel,False,0
customer_0856,Pune,leisure,suite,ota,10,1,9,0.1,6859,16242,116,1,1,7,1442,2,0.9584995530241278,card,True,1
customer_0857,Mumbai,business,standard,ota,3,0,3,0.0,7212,20705,37,1,2,10,1310,3,0.695376055663464,card,False,0
customer_0858,Delhi,leisure,deluxe,direct,5,0,5,0.0,7609,6991,54,2,4,9,712,2,0.6731654289680367,pay_at_hotel,True,1
customer_0859,Hyderabad,business,suite,corporate,9,2,7,0.2222222222222222,9970,7253,50,4,3,5,228,0,0.5054821872477532,pay_at_hotel,False,0
customer_0860,Kolkata,leisure,suite,ota,11,3,8,0.2727272727272727,3376,19198,65,1,2,10,117,0,0.9188622453231189,prepaid,True,0
customer_0861,Jaipur,leisure,suite,direct,10,2,8,0.2,10226,13606,103,5,4,9,753,1,0.9767617378164721,prepaid,False,0
customer_0862,Pune,business,standard,direct,2,0,2,0.0,9137,18666,106,6,4,2,1254,1,0.972975100881603,pay_at_hotel,True,0
customer_0863,Delhi,leisure,standard,ota,9,1,8,0.1111111111111111,14789,12034,5,5,4,2,1305,2,0.69600748221002,pay_at_hotel,False,0
customer_0864,Mumbai,leisure,standard,direct,12,4,8,0.3333333333333333,15590,3726,83,2,3,2,587,2,0.8161932690703534,card,True,0
customer_0865,Goa,business,deluxe,corporate,4,2,2,0.5,5808,11967,53,6,1,10,1393,0,0.07913202970064925,pay_at_hotel,False,0
customer_0866,Delhi,business,deluxe,ota,6,2,4,0.3333333333333333,16460,8636,48,3,3,11,540,1,0.11093313244822389,prepaid,False,0
customer_0867,Delhi,business,standard,direct,2,0,2,0.0,3881,8498,2,3,2,12,992,1,0.08919541874744397,pay_at_hotel,True,0
customer_0868,Chennai,leisure,standard,corporate,7,2,5,0.2857142857142857,17921,9653,95,2,1,6,1252,3,0.916700390761965,card,False,0
customer_0869,Hyderabad,business,deluxe,direct,7,0,7,0.0,13568,14261,45,5,1,5,972,0,0.32168790885933474,card,True,0
customer_0870,Hyderabad,leisure,suite,corporate,2,0,2,0.0,2972,9328,89,7,2,10,700,2,0.11741688820841312,pay_at_hotel,True,1
customer_0871,Pune,business,deluxe,ota,3,0,3,0.0,13958,7692,66,3,4,8,51,2,0.13151392675562623,card,False,1
customer_0872,Mumbai,leisure,standard,ota,12,2,10,0.16666666666666666,17536,4781,72,3,2,12,780,0,0.7166430317458448,pay_at_hotel,True,0
customer_0873,Pune,leisure,deluxe,direct,10,1,9,0.1,13053,11257,64,7,1,5,1106,1,0.47452559480254686,prepaid,False,0
customer_0874,Pune,leisure,deluxe,ota,2,0,2,0.0,11942,21913,19,2,4,10,1308,3,0.8599064452908345,pay_at_hotel,False,0
customer_0875,Jaipur,business,standard,direct,14,3,11,0.21428571428571427,3159,7995,48,6,1,6,181,2,0.02586240252349814,pay_at_hotel,True,0
customer_0876,Jaipur,business,standard,direct,12,1,11,0.08333333333333333,17131,20869,76,5,1,1,1013,2,0.7180997852669284,prepaid,False,0
customer_0877,Hyderabad,business,deluxe,direct,3,0,3,0.0,13194,4700,27,4,1,12,1095,1,0.9144261556326339,card,False,1
customer_0878,Pune,leisure,standard,direct,4,0,4,0.0,13019,3408,28,7,3,5,736,0,0.6121924398320113,pay_at_hotel,False,0
customer_0879,Goa,business,standard,ota,1,0,1,0.0,6592,5838,34,2,2,11,1444,3,0.48759047782809306,prepaid,False,0
customer_0880,Jaipur,business,suite,direct,5,1,4,0.2,17749,14672,5,2,4,2,1477,1,0.6081100718065884,card,False,0
customer_0881,Chennai,leisure,standard,corporate,11,2,9,0.18181818181818182,13439,8204,15,4,1,2,592,2,0.24528369081210477,prepaid,False,0
customer_0882,Bengaluru,business,standard,ota,7,3,4,0.42857142857142855,2952,17037,20,6,4,12,938,3,0.24553279933847572,pay_at_hotel,False,0
customer_0883,Delhi,business,standard,ota,11,1,10,0.09090909090909091,14835,5130,85,6,4,12,1447,3,0.7841972543429255,card,False,0
customer_0884,Hyderabad,business,suite,corporate,13,1,12,0.07692307692307693,15299,2603,40,7,4,1,1162,3,0.390313670566551,card,True,0
customer_0885,Kolkata,leisure,standard,corporate,0,0,0,0.0,6290,14144,96,3,2,5,329,2,0.787745163103155,pay_at_hotel,True,0
customer_0886,Kolkata,business,standard,direct,13,0,13,0.0,11703,17361,60,4,2,12,546,1,0.8286156771170003,pay_at_hotel,False,0
customer_0887,Pune,business,standard,direct,3,1,2,0.3333333333333333,8050,17669,108,4,1,11,405,1,0.4298830902215557,pay_at_hotel,True,1
customer_0888,Mumbai,leisure,standard,direct,10,3,7,0.3,9780,10142,85,6,4,6,1361,1,0.06438513757901276,card,True,0
customer_0889,Delhi,leisure,suite,direct,11,2,9,0.18181818181818182,5277,14217,85,1,2,4,1474,3,0.9497451427295122,prepaid,True,0
customer_0890,Mumbai,business,deluxe,ota,0,0,0,0.0,16024,6291,22,1,3,12,606,0,0.40524067681663045,prepaid,False,0
customer_0891,Hyderabad,leisure,standard,ota,12,0,12,0.0,13783,5618,27,7,1,8,763,0,0.7880574623804607,card,False,0
customer_0892,Chennai,leisure,deluxe,ota,12,0,12,0.0,16884,17762,69,4,2,12,963,3,0.5602130709847091,prepaid,False,0
customer_0893,Pune,leisure,deluxe,ota,3,0,3,0.0,17217,20854,27,6,1,2,189,2,0.28245912961270414,pay_at_hotel,False,0
customer_0894,Kolkata,business,deluxe,ota,14,2,12,0.14285714285714285,3296,11593,57,7,3,1,935,1,0.37843933188781775,prepaid,False,0
customer_0895,Chennai,business,deluxe,corporate,9,2,7,0.2222222222222222,12511,10704,51,3,1,1,1269,0,0.8361254161185249,pay_at_hotel,False,0
customer_0896,Bengaluru,leisure,suite,ota,0,0,0,0.0,13325,2507,70,6,1,1,1165,1,0.34701928908284685,pay_at_hotel,True,0
customer_0897,Jaipur,leisure,deluxe,direct,10,1,9,0.1,14695,21669,94,1,3,4,231,1,0.6306257043096763,pay_at_hotel,True,0
customer_0898,Hyderabad,leisure,suite,corporate,0,0,0,0.0,14358,10219,32,1,4,3,1332,3,0.697191571374103,prepaid,False,0
customer_0899,Mumbai,business,deluxe,direct,14,1,13,0.07142857142857142,4513,21975,67,2,4,6,537,1,0.4912408965105728,pay_at_hotel,True,0
customer_0900,Bengaluru,business,suite,corporate,11,3,8,0.2727272727272727,2700,9057,62,3,3,5,1267,1,0.21117692001284516,pay_at_hotel,False,0
customer_0901,Pune,leisure,suite,direct,11,2,9,0.18181818181818182,5401,19335,105,5,3,8,643,2,0.463921644643847,card,True,0
customer_0902,Kolkata,leisure,deluxe,corporate,11,0,11,0.0,7804,10031,59,5,2,1,370,2,0.8602013628687226,card,True,0
customer_0903,Kolkata,business,standard,ota,8,2,6,0.25,9924,12790,77,1,2,7,607,0,0.6043041635501925,card,True,1
customer_0904,Bengaluru,business,suite,corporate,3,1,2,0.3333333333333333,5695,9640,53,6,3,8,681,3,0.555576064202948,card,True,0
customer_0905,Jaipur,business,suite,direct,4,1,3,0.25,10618,5962,67,5,2,4,729,2,0.2826063110021789,prepaid,True,0
customer_0906,Bengaluru,business,deluxe,corporate,3,0,3,0.0,14915,6473,30,4,3,2,798,0,0.2045707527063778,prepaid,False,0
customer_0907,Delhi,business,standard,ota,2,1,1,0.5,5391,19606,47,2,2,12,300,0,0.20131318503879392,card,True,0
customer_0908,Mumbai,business,suite,direct,8,2,6,0.25,3777,21743,28,7,2,4,1462,2,0.7547261030154672,pay_at_hotel,True,0
customer_0909,Kolkata,business,deluxe,corporate,4,2,2,0.5,11837,9476,66,6,4,4,1463,2,0.5110062514623874,prepaid,True,0
customer_0910,Hyderabad,leisure,suite,corporate,9,3,6,0.3333333333333333,3772,5455,48,2,1,10,115,2,0.9769523743930777,prepaid,False,0
customer_0911,Mumbai,leisure,deluxe,direct,3,1,2,0.3333333333333333,15848,14807,70,5,2,7,1037,0,0.7230605970747089,prepaid,False,0
customer_0912,Chennai,business,deluxe,corporate,3,0,3,0.0,16961,2846,53,6,4,5,540,1,0.13748668341890213,prepaid,True,0
customer_0913,Delhi,leisure,deluxe,corporate,13,0,13,0.0,4109,12464,99,4,1,1,797,3,0.26231717716627767,pay_at_hotel,True,0
customer_0914,Pune,business,deluxe,corporate,7,1,6,0.14285714285714285,15790,4091,116,3,1,3,1061,0,0.9860503566836593,prepaid,True,0
customer_0915,Bengaluru,business,suite,direct,14,2,12,0.14285714285714285,16395,14156,4,5,2,7,768,0,0.9191859438916,prepaid,False,0
customer_0916,Delhi,business,suite,direct,0,0,0,0.0,8132,15142,13,2,3,3,782,1,0.6750188608709529,card,False,1
customer_0917,Jaipur,business,standard,corporate,2,0,2,0.0,12933,15237,99,6,2,1,15,2,0.12041153587937214,prepaid,True,0
customer_0918,Jaipur,business,standard,ota,3,0,3,0.0,13076,4237,87,4,1,8,110,0,0.06353193456828232,card,True,0
customer_0919,Bengaluru,business,deluxe,direct,3,1,2,0.3333333333333333,16319,19155,41,6,4,2,1128,2,0.09748634939465461,prepaid,True,0
customer_0920,Pune,business,suite,direct,14,2,12,0.14285714285714285,13770,6974,60,4,3,3,793,3,0.690362311953684,prepaid,True,1
customer_0921,Chennai,leisure,suite,direct,5,2,3,0.4,5614,12382,53,3,3,12,356,2,0.6330956327447999,pay_at_hotel,False,1
customer_0922,Mumbai,leisure,suite,direct,2,0,2,0.0,13729,16007,53,1,1,9,1098,1,0.7431760807261967,card,True,0
customer_0923,Kolkata,business,deluxe,direct,11,1,10,0.09090909090909091,17720,9537,2,6,3,12,1033,0,0.3216866673265535,prepaid,True,1
customer_0924,Pune,business,suite,ota,14,3,11,0.21428571428571427,13723,14873,69,2,1,11,1342,3,0.8634911337624348,prepaid,True,0
customer_0925,Chennai,business,suite,direct,7,1,6,0.14285714285714285,16287,6404,29,6,2,2,756,2,0.8568372649654253,pay_at_hotel,True,0
customer_0926,Jaipur,business,deluxe,ota,6,2,4,0.3333333333333333,14272,13041,6,5,2,5,1252,2,0.7407112007162109,prepaid,False,0
customer_0927,Bengaluru,business,suite,ota,14,4,10,0.2857142857142857,10287,19479,97,7,3,7,109,1,0.10926725355818823,prepaid,True,0
customer_0928,Bengaluru,business,suite,ota,6,1,5,0.16666666666666666,17346,13073,49,7,2,8,211,3,0.8568915413857133,prepaid,True,1
customer_0929,Mumbai,business,suite,direct,12,1,11,0.08333333333333333,12950,11234,7,1,4,7,523,1,0.46494648369225156,prepaid,False,0
customer_0930,Mumbai,leisure,standard,direct,4,0,4,0.0,6836,14396,27,4,2,4,190,1,0.924142810187282,card,True,0
customer_0931,Pune,business,suite,direct,11,3,8,0.2727272727272727,13010,10382,61,1,3,6,359,1,0.08623291636769548,pay_at_hotel,True,1
customer_0932,Delhi,business,standard,corporate,0,0,0,0.0,8254,19031,88,3,3,11,1207,0,0.2507014291535362,prepaid,False,0
customer_0933,Kolkata,business,standard,corporate,9,1,8,0.1111111111111111,2576,9846,23,1,3,8,964,0,0.1804332312748227,pay_at_hotel,True,0
customer_0934,Kolkata,leisure,suite,ota,4,0,4,0.0,14953,4957,62,1,4,3,997,3,0.8380252535954188,card,True,0
customer_0935,Delhi,leisure,deluxe,corporate,1,1,0,1.0,12306,8758,47,4,4,9,80,2,0.07649043525094679,card,False,0
customer_0936,Kolkata,business,standard,direct,7,2,5,0.2857142857142857,10730,20652,5,7,2,12,977,1,0.0850594796707751,card,True,0
customer_0937,Goa,business,standard,ota,5,1,4,0.2,8869,13119,44,1,1,8,1228,2,0.8145268553210703,pay_at_hotel,False,0
customer_0938,Delhi,leisure,deluxe,ota,5,0,5,0.0,5823,4786,80,5,2,5,324,2,0.23679888192999177,card,True,1
customer_0939,Jaipur,leisure,standard,direct,1,0,1,0.0,4958,6235,66,3,4,1,267,1,0.04857673782985761,pay_at_hotel,True,0
customer_0940,Mumbai,leisure,deluxe,direct,0,0,0,0.0,13199,7553,88,2,1,1,661,1,0.31089392672022975,card,False,0
customer_0941,Mumbai,business,standard,ota,5,0,5,0.0,14602,21355,41,1,3,5,142,3,0.819762079217929,card,True,0
customer_0942,Pune,leisure,deluxe,direct,10,1,9,0.1,10190,11604,54,6,2,9,772,1,0.22447108598256393,card,True,0
customer_0943,Mumbai,business,deluxe,ota,10,3,7,0.3,3650,2669,50,6,3,12,697,2,0.21213397542302015,card,False,0
customer_0944,Chennai,business,deluxe,corporate,7,1,6,0.14285714285714285,8366,21682,26,1,1,10,381,1,0.36039124513219645,card,True,1
customer_0945,Jaipur,business,deluxe,direct,2,0,2,0.0,5093,15353,113,4,1,2,876,2,0.05993777660037991,pay_at_hotel,True,1
customer_0946,Bengaluru,business,standard,corporate,14,0,14,0.0,16836,8546,51,6,1,12,1231,1,0.24973571888589052,pay_at_hotel,True,0
customer_0947,Mumbai,business,deluxe,ota,3,1,2,0.3333333333333333,17100,19308,81,2,3,2,1433,2,0.3458710232355353,pay_at_hotel,False,0
customer_0948,Delhi,leisure,standard,direct,3,1,2,0.3333333333333333,11408,17510,90,6,3,1,15,2,0.5438904704860006,card,True,0
customer_0949,Kolkata,business,standard,direct,12,3,9,0.25,7863,16012,50,2,3,9,1335,2,0.59916117033487,prepaid,True,0
customer_0950,Hyderabad,business,deluxe,corporate,14,1,13,0.07142857142857142,12327,18825,95,7,4,3,379,3,0.3054417784927389,prepaid,False,0
customer_0951,Mumbai,leisure,deluxe,ota,8,0,8,0.0,11043,19880,95,5,3,1,149,0,0.9716897104295517,card,True,1
customer_0952,Pune,leisure,deluxe,direct,3,0,3,0.0,10239,17129,96,1,1,3,1316,0,0.2845566354533078,prepaid,False,0
customer_0953,Bengaluru,leisure,suite,corporate,4,1,3,0.25,7237,20111,75,5,2,4,299,0,0.8189475498511101,pay_at_hotel,False,0
customer_0954,Hyderabad,leisure,suite,corporate,2,0,2,0.0,10040,13755,66,3,3,8,714,0,0.13432854581889409,card,False,0
customer_0955,Mumbai,business,suite,ota,6,1,5,0.16666666666666666,12109,11284,94,1,3,1,115,1,0.6203763493468175,card,False,0
customer_0956,Jaipur,business,deluxe,corporate,13,0,13,0.0,12457,19621,87,7,1,7,1064,1,0.10528514233062236,card,True,1
customer_0957,Jaipur,leisure,deluxe,ota,1,0,1,0.0,14202,21728,43,7,3,10,762,3,0.33950236990162563,pay_at_hotel,False,0
customer_0958,Hyderabad,business,suite,direct,7,1,6,0.14285714285714285,9424,12074,42,1,2,9,248,0,0.48090777321643585,pay_at_hotel,False,0
customer_0959,Bengaluru,business,standard,corporate,10,1,9,0.1,8157,3214,57,3,1,12,419,0,0.31887394342296893,pay_at_hotel,True,0
customer_0960,Hyderabad,leisure,suite,direct,0,0,0,0.0,4099,4304,6,7,3,7,1188,1,0.7250780031386901,prepaid,True,0
customer_0961,Mumbai,business,standard,ota,2,0,2,0.0,5133,21930,8,7,1,2,1256,3,0.65045662764669,pay_at_hotel,True,0
customer_0962,Chennai,leisure,deluxe,corporate,13,1,12,0.07692307692307693,16397,15312,88,7,3,9,784,1,0.01493694422823244,pay_at_hotel,False,0
customer_0963,Chennai,leisure,deluxe,corporate,7,1,6,0.14285714285714285,7591,8976,13,3,4,12,53,2,0.001273746250890495,pay_at_hotel,False,0
customer_0964,Jaipur,business,suite,direct,12,3,9,0.25,8515,11227,50,6,3,6,1457,3,0.48407461193713885,card,True,1
customer_0965,Hyderabad,business,suite,direct,12,2,10,0.16666666666666666,5074,20523,78,2,2,2,965,2,0.9072468719812243,pay_at_hotel,False,0
customer_0966,Jaipur,business,standard,ota,7,2,5,0.2857142857142857,13630,7373,21,5,3,5,773,3,0.13229389224499655,prepaid,False,0
customer_0967,Pune,leisure,standard,corporate,14,3,11,0.21428571428571427,5125,16090,66,4,3,9,1180,0,0.1499569493284083,pay_at_hotel,True,0
customer_0968,Kolkata,business,deluxe,corporate,4,0,4,0.0,6104,19363,80,4,4,10,1156,1,0.8066196928080297,card,True,0
customer_0969,Pune,business,deluxe,ota,9,1,8,0.1111111111111111,7821,20971,21,3,2,4,1221,1,0.8606674662887857,pay_at_hotel,False,0
customer_0970,Hyderabad,business,standard,ota,9,1,8,0.1111111111111111,3645,8134,114,4,1,4,135,0,0.1635165441262698,prepaid,False,1
customer_0971,Hyderabad,leisure,suite,direct,4,2,2,0.5,14441,4914,81,1,2,6,956,3,0.5569626240341401,prepaid,False,0
customer_0972,Kolkata,business,deluxe,direct,6,1,5,0.16666666666666666,15293,21123,82,5,2,11,206,2,0.9208332957250901,pay_at_hotel,True,1
customer_0973,Goa,business,deluxe,corporate,0,0,0,0.0,14664,10632,50,7,2,1,229,1,0.35134788938872075,prepaid,False,0
customer_0974,Mumbai,business,standard,corporate,1,0,1,0.0,11191,20177,95,3,2,7,808,0,0.9534628467609085,prepaid,True,0
customer_0975,Chennai,leisure,standard,ota,13,4,9,0.3076923076923077,15388,5360,18,7,4,3,362,0,0.6867144563550108,pay_at_hotel,False,0
customer_0976,Bengaluru,leisure,suite,corporate,7,1,6,0.14285714285714285,5796,14029,33,2,1,5,66,2,0.5798179124697159,prepaid,True,0
customer_0977,Mumbai,leisure,standard,corporate,5,0,5,0.0,5290,20997,14,4,4,1,532,3,0.09909859076010386,pay_at_hotel,True,0
customer_0978,Kolkata,leisure,standard,ota,0,0,0,0.0,9029,17712,98,4,2,8,1052,0,0.5115385502667199,pay_at_hotel,False,1
customer_0979,Hyderabad,leisure,standard,ota,3,0,3,0.0,2768,2681,91,4,1,9,417,2,0.6935199732048759,pay_at_hotel,False,1
customer_0980,Bengaluru,leisure,deluxe,corporate,0,0,0,0.0,12776,10843,84,6,3,9,1109,1,0.7380084776883398,card,True,1
customer_0981,Goa,business,deluxe,corporate,1,0,1,0.0,13545,12788,56,2,4,10,1023,0,0.8208413768144633,prepaid,False,0
customer_0982,Bengaluru,business,suite,direct,10,1,9,0.1,7733,9524,49,2,2,7,1178,3,0.3889486996552407,prepaid,True,0
customer_0983,Kolkata,leisure,suite,direct,0,0,0,0.0,16414,17909,5,3,2,9,262,1,0.888211187929624,prepaid,False,0
customer_0984,Mumbai,business,standard,corporate,11,3,8,0.2727272727272727,6271,4661,110,6,2,10,636,0,0.291472428066738,pay_at_hotel,True,1
customer_0985,Jaipur,business,deluxe,corporate,11,2,9,0.18181818181818182,9311,19109,29,2,2,2,231,2,0.469131997583516,pay_at_hotel,False,0
customer_0986,Goa,leisure,deluxe,ota,9,3,6,0.3333333333333333,5592,17793,81,3,1,4,1335,0,0.4990194854990422,card,True,1
customer_0987,Hyderabad,leisure,standard,corporate,1,0,1,0.0,9160,18996,66,5,2,9,1287,1,0.5830976116178693,card,True,0
customer_0988,Hyderabad,leisure,deluxe,ota,3,1,2,0.3333333333333333,11877,20504,69,1,3,6,184,0,0.13210736149470037,card,False,0
customer_0989,Kolkata,business,suite,ota,0,0,0,0.0,3733,13662,75,6,2,5,202,2,0.9742689906618556,prepaid,False,0
customer_0990,Hyderabad,business,deluxe,ota,11,1,10,0.09090909090909091,2546,18287,64,6,1,5,289,1,0.8885969038092881,pay_at_hotel,True,0
customer_0991,Mumbai,leisure,suite,ota,5,1,4,0.2,10727,2648,73,5,3,12,57,1,0.7165623782827428,pay_at_hotel,True,0
customer_0992,Kolkata,leisure,deluxe,ota,11,4,7,0.36363636363636365,10943,3346,3,1,3,8,539,1,0.2640135708378334,card,False,0
customer_0993,Goa,leisure,deluxe,ota,7,2,5,0.2857142857142857,7383,11696,28,5,1,9,1344,2,0.823299793860326,pay_at_hotel,True,1
customer_0994,Kolkata,leisure,deluxe,direct,11,0,11,0.0,9243,17431,82,1,2,1,1481,2,0.019552749535934555,prepaid,True,1
customer_0995,Jaipur,business,standard,corporate,1,0,1,0.0,17159,17628,107,4,3,1,686,2,0.6142975554091679,card,False,0
customer_0996,Pune,leisure,suite,ota,6,0,6,0.0,4719,4601,92,7,1,7,1024,3,0.5762843206987531,card,False,0
customer_0997,Hyderabad,leisure,suite,ota,8,1,7,0.125,13373,3556,24,6,3,12,1409,0,0.5059577570388295,card,True,0
customer_0998,Kolkata,leisure,deluxe,corporate,1,0,1,0.0,6638,12135,25,6,3,10,34,0,0.5182508627607912,prepaid,False,0
customer_0999,Delhi,business,suite,corporate,4,0,4,0.0,17530,4129,81,2,3,3,75,1,0.26406058915346464,card,True,0
customer_1000,Kolkata,leisure,standard,ota,6,2,4,0.3333333333333333,2561,10713,14,6,3,8,424,0,0.29772060382128973,pay_at_hotel,True,0
customer_1001,Hyderabad,business,standard,corporate,14,4,10,0.2857142857142857,10928,20400,64,3,1,12,454,2,0.5447802378206386,card,False,0
customer_1002,Chennai,business,suite,direct,13,0,13,0.0,16376,20399,11,3,4,4,296,0,0.7802402646188827,pay_at_hotel,True,0
customer_1003,Kolkata,leisure,deluxe,corporate,7,1,6,0.14285714285714285,4627,14705,92,1,3,9,1119,1,0.8621589142138149,prepaid,False,1
customer_1004,Hyderabad,leisure,standard,direct,4,0,4,0.0,14393,17950,57,5,4,4,596,3,0.48397499846555336,prepaid,False,1
customer_1005,Delhi,business,suite,direct,6,2,4,0.3333333333333333,15591,21495,22,5,4,4,1318,2,0.1286431916834745,prepaid,False,0
customer_1006,Bengaluru,leisure,deluxe,ota,3,0,3,0.0,9300,16075,77,6,4,10,1303,1,0.6960090040771025,pay_at_hotel,True,0
customer_1007,Mumbai,leisure,deluxe,corporate,9,1,8,0.1111111111111111,15638,3518,85,6,3,10,519,2,0.08475814571489249,pay_at_hotel,False,0
customer_1008,Mumbai,business,standard,corporate,0,0,0,0.0,8815,10596,66,4,4,6,257,2,0.6534673837817484,prepaid,False,0
customer_1009,Delhi,leisure,deluxe,direct,8,3,5,0.375,7287,17113,76,7,2,6,1086,3,0.6524879806439825,prepaid,False,0
customer_1010,Hyderabad,leisure,standard,ota,1,0,1,0.0,4934,18600,84,7,2,3,1034,0,0.5185117938254206,card,False,0
customer_1011,Goa,leisure,standard,corporate,14,2,12,0.14285714285714285,15179,5625,98,6,2,8,90,1,0.5563833585825442,pay_at_hotel,True,0
customer_1012,Mumbai,leisure,deluxe,direct,2,1,1,0.5,16754,4306,26,2,2,7,109,3,0.8428648556917351,card,False,0
customer_1013,Jaipur,business,deluxe,corporate,5,1,4,0.2,15509,6244,86,2,3,10,1405,1,0.9344261156550162,pay_at_hotel,True,0
customer_1014,Chennai,leisure,deluxe,corporate,9,1,8,0.1111111111111111,14492,15298,51,3,2,1,392,2,0.7766559899840447,prepaid,True,0
customer_1015,Goa,business,deluxe,direct,6,1,5,0.16666666666666666,4512,10907,21,7,3,2,1438,2,0.06324016340231398,prepaid,True,0
customer_1016,Pune,business,standard,ota,14,3,11,0.21428571428571427,9823,3787,52,1,1,4,1346,0,0.7603157862150277,card,False,0
customer_1017,Hyderabad,leisure,suite,ota,13,2,11,0.15384615384615385,14641,4813,81,7,4,10,890,0,0.19444985846416063,prepaid,True,1
customer_1018,Mumbai,leisure,deluxe,direct,7,1,6,0.14285714285714285,17373,6892,71,1,4,11,729,2,0.9076641883223868,pay_at_hotel,True,0
customer_1019,Delhi,business,suite,corporate,8,2,6,0.25,12071,7124,84,5,3,2,1441,1,0.9899335125895308,prepaid,True,0
customer_1020,Pune,leisure,suite,corporate,6,3,3,0.5,7295,4120,9,6,3,7,1250,3,0.9770473720478788,card,True,0
customer_1021,Bengaluru,business,standard,direct,9,1,8,0.1111111111111111,10437,18418,62,6,2,6,332,3,0.1436835861589889,pay_at_hotel,False,0
customer_1022,Mumbai,business,deluxe,ota,12,3,9,0.25,4546,16551,84,3,3,7,1488,0,0.22311232318762808,card,True,1
customer_1023,Delhi,leisure,standard,ota,9,0,9,0.0,12985,6006,14,6,4,4,112,3,0.9488625548427708,prepaid,True,0
customer_1024,Chennai,business,suite,direct,0,0,0,0.0,10231,14295,91,4,4,7,1221,3,0.6978729278677018,card,True,0
customer_1025,Kolkata,leisure,suite,direct,7,2,5,0.2857142857142857,11567,11869,85,4,1,1,1060,0,0.7763985793762849,pay_at_hotel,False,0
customer_1026,Mumbai,leisure,standard,corporate,0,0,0,0.0,14346,10235,73,6,2,4,213,1,0.18128862248847266,card,False,0
customer_1027,Goa,business,suite,ota,8,1,7,0.125,15856,15088,72,4,2,6,1226,0,0.614679887737502,card,False,0
customer_1028,Delhi,business,deluxe,ota,9,0,9,0.0,6830,10036,92,5,1,11,254,1,0.9985227611993119,card,False,0
customer_1029,Chennai,leisure,standard,ota,10,2,8,0.2,7311,19982,15,5,4,12,803,1,0.46346556546109996,pay_at_hotel,False,0
customer_1030,Jaipur,leisure,suite,ota,0,0,0,0.0,14739,15468,87,5,1,7,1227,3,0.5164937283812335,card,False,0
customer_1031,Bengaluru,business,standard,direct,7,1,6,0.14285714285714285,17976,5609,47,5,3,3,1261,2,0.46596694726376187,pay_at_hotel,True,0
customer_1032,Kolkata,leisure,deluxe,direct,10,3,7,0.3,5826,14332,112,7,4,1,953,0,0.24912362838350643,prepaid,True,0
customer_1033,Bengaluru,business,deluxe,ota,6,2,4,0.3333333333333333,15967,3150,27,5,3,2,113,1,0.8855970205679587,prepaid,False,0
customer_1034,Jaipur,business,suite,ota,3,0,3,0.0,6371,17734,59,7,4,7,1303,2,0.13714453905553325,card,False,1
customer_1035,Pune,leisure,deluxe,direct,0,0,0,0.0,16864,20785,1,7,1,2,554,2,0.18322212639870983,prepaid,False,0
customer_1036,Delhi,leisure,standard,direct,5,0,5,0.0,3450,18170,105,3,3,7,876,0,0.2931229801251234,prepaid,True,0
customer_1037,Bengaluru,business,suite,corporate,3,0,3,0.0,12753,13912,53,1,3,1,964,2,0.7266679583153499,prepaid,False,0
customer_1038,Jaipur,business,suite,direct,14,1,13,0.07142857142857142,6872,5937,115,2,3,8,1035,1,0.6111973014027698,pay_at_hotel,True,0
customer_1039,Goa,leisure,standard,direct,6,0,6,0.0,3812,8601,17,1,4,5,160,2,0.12198486525331775,card,True,0
customer_1040,Delhi,business,deluxe,corporate,6,0,6,0.0,16540,17581,77,5,3,5,82,3,0.5064335403599074,card,False,0
customer_1041,Kolkata,business,standard,ota,6,1,5,0.16666666666666666,6267,16629,30,5,1,9,1228,2,0.4930006477829699,pay_at_hotel,False,0
customer_1042,Goa,business,standard,ota,12,1,11,0.08333333333333333,3015,10334,37,1,1,3,1042,3,0.454688383626075,card,True,0
customer_1043,Jaipur,business,standard,direct,2,0,2,0.0,14389,21914,75,4,1,5,181,3,0.10581588580805579,prepaid,True,0
customer_1044,Delhi,leisure,suite,direct,10,3,7,0.3,15673,19788,104,1,2,10,90,2,0.24192031147481086,prepaid,True,0
customer_1045,Bengaluru,business,suite,ota,13,3,10,0.23076923076923078,9398,21261,94,1,4,2,1392,0,0.3124183368725084,card,False,1
customer_1046,Jaipur,business,suite,corporate,14,0,14,0.0,15046,16903,30,7,4,4,1065,1,0.6570185293286328,pay_at_hotel,True,0
customer_1047,Jaipur,leisure,suite,ota,9,4,5,0.4444444444444444,4087,10820,99,1,1,7,1273,2,0.7172054497375816,pay_at_hotel,False,1
customer_1048,Bengaluru,leisure,suite,corporate,9,1,8,0.1111111111111111,8079,14656,22,1,2,8,1183,2,0.5053398311374923,card,True,1
customer_1049,Hyderabad,business,suite,corporate,5,1,4,0.2,4092,14540,76,5,2,12,1460,1,0.4546178240639299,pay_at_hotel,True,0
customer_1050,Bengaluru,business,standard,ota,9,2,7,0.2222222222222222,8443,12054,116,7,4,9,545,2,0.9230043510911079,card,True,0
customer_1051,Kolkata,business,standard,ota,14,2,12,0.14285714285714285,17168,12091,22,2,4,12,461,2,0.5363040097981578,card,False,0
customer_1052,Delhi,leisure,standard,ota,8,1,7,0.125,16235,10365,114,6,4,12,600,1,0.27920261268283075,pay_at_hotel,True,1
customer_1053,Hyderabad,leisure,standard,direct,6,1,5,0.16666666666666666,7780,13775,109,2,3,2,551,2,0.22163800357270336,prepaid,False,0
customer_1054,Pune,leisure,deluxe,ota,4,2,2,0.5,11194,13167,32,4,1,5,1270,0,0.34968546535026745,card,False,0
customer_1055,Delhi,leisure,suite,ota,11,3,8,0.2727272727272727,5932,18155,22,7,4,9,504,0,0.8073758898371202,pay_at_hotel,True,0
customer_1056,Jaipur,leisure,suite,ota,0,0,0,0.0,12886,14461,107,6,2,9,1462,0,0.5167552418264589,pay_at_hotel,True,1
customer_1057,Kolkata,leisure,suite,ota,6,1,5,0.16666666666666666,14923,10900,70,6,3,3,980,2,0.020421750965055496,card,True,0
customer_1058,Jaipur,leisure,suite,direct,1,0,1,0.0,10725,10856,113,1,4,4,1366,1,0.45571392551918766,pay_at_hotel,False,0
customer_1059,Goa,business,standard,direct,8,3,5,0.375,16613,8902,36,5,3,10,1157,3,0.44871618427924675,prepaid,False,0
customer_1060,Hyderabad,business,deluxe,corporate,10,1,9,0.1,7418,6982,17,7,3,2,323,0,0.9359086483383025,prepaid,False,0
customer_1061,Bengaluru,business,standard,ota,1,0,1,0.0,3298,6990,15,3,2,11,1339,1,0.41782901652343174,pay_at_hotel,False,0
customer_1062,Jaipur,leisure,deluxe,direct,6,2,4,0.3333333333333333,7386,10613,15,7,1,11,780,0,0.7529898154733758,prepaid,False,0
customer_1063,Bengaluru,leisure,suite,direct,9,0,9,0.0,5184,16318,77,6,3,8,766,3,0.5893116997194271,card,True,1
customer_1064,Kolkata,leisure,standard,direct,14,2,12,0.14285714285714285,3304,11837,82,5,3,7,235,3,0.8590916585467206,pay_at_hotel,True,0
customer_1065,Mumbai,business,suite,direct,1,0,1,0.0,6225,19416,109,4,4,6,92,1,0.3855741461959179,card,True,1
customer_1066,Hyderabad,business,suite,ota,11,2,9,0.18181818181818182,8127,5129,52,1,2,12,1003,2,0.5503755125878185,card,False,1
customer_1067,Hyderabad,business,standard,direct,10,4,6,0.4,5336,8646,60,1,4,10,1410,0,0.2826877353453131,pay_at_hotel,False,0
customer_1068,Chennai,leisure,deluxe,corporate,5,2,3,0.4,9925,16029,94,1,1,10,490,0,0.7171338376013564,prepaid,False,1
customer_1069,Mumbai,leisure,standard,ota,0,0,0,0.0,6100,15816,51,1,3,9,974,0,0.14630436113648138,pay_at_hotel,False,0
customer_1070,Mumbai,leisure,deluxe,corporate,12,0,12,0.0,5364,18947,25,3,2,10,282,0,0.25000888418923206,card,True,0
customer_1071,Pune,business,suite,direct,13,2,11,0.15384615384615385,9011,2674,100,6,3,1,505,2,0.8045894736241437,card,True,0
customer_1072,Mumbai,leisure,suite,corporate,5,1,4,0.2,11796,18701,61,2,1,11,26,1,0.8645978880190527,pay_at_hotel,True,0
customer_1073,Chennai,leisure,standard,ota,0,0,0,0.0,11302,20830,27,3,1,5,875,0,0.6607922438484112,prepaid,True,0
customer_1074,Chennai,business,standard,direct,2,0,2,0.0,4018,7459,74,7,3,3,180,3,0.17839030965367542,card,False,1
customer_1075,Pune,leisure,standard,corporate,1,0,1,0.0,6386,15086,118,5,4,10,1091,1,0.07971557936743767,prepaid,False,1
customer_1076,Pune,leisure,deluxe,ota,5,0,5,0.0,8258,11575,107,3,3,11,115,3,0.09651896617030764,pay_at_hotel,False,1
customer_1077,Goa,business,standard,ota,3,1,2,0.3333333333333333,7349,15645,26,7,3,1,1463,3,0.7402689334805356,prepaid,True,0
customer_1078,Jaipur,business,standard,corporate,0,0,0,0.0,14785,16736,91,6,1,7,750,1,0.8216888573752277,pay_at_hotel,False,1
customer_1079,Chennai,leisure,deluxe,corporate,6,1,5,0.16666666666666666,3884,7379,63,6,2,3,1173,0,0.47418533956695996,card,False,0
customer_1080,Goa,leisure,suite,direct,13,2,11,0.15384615384615385,16115,3567,43,4,3,1,430,2,0.13666630474832364,prepaid,True,0
customer_1081,Bengaluru,leisure,standard,direct,8,0,8,0.0,4845,6118,48,7,1,3,520,0,0.3530148293123191,card,False,1
customer_1082,Bengaluru,leisure,deluxe,direct,3,0,3,0.0,10276,17218,49,5,1,9,1294,3,0.9613807849471794,prepaid,True,0
customer_1083,Hyderabad,leisure,standard,direct,13,1,12,0.07692307692307693,12786,18779,36,4,4,6,781,3,0.7292813798393321,card,True,0
customer_1084,Chennai,leisure,suite,corporate,4,1,3,0.25,15657,11167,78,2,4,4,866,1,0.8754390270879648,prepaid,True,0
customer_1085,Jaipur,leisure,deluxe,direct,0,0,0,0.0,9382,10372,117,2,4,2,1400,0,0.3487087888964836,prepaid,False,0
customer_1086,Kolkata,leisure,deluxe,ota,12,1,11,0.08333333333333333,15826,10942,30,5,1,3,511,0,0.04423141328043678,card,False,0
customer_1087,Hyderabad,leisure,deluxe,ota,12,2,10,0.16666666666666666,5078,21151,112,1,3,1,177,0,0.4781286571011477,pay_at_hotel,True,1
customer_1088,Bengaluru,business,standard,direct,7,0,7,0.0,13298,3409,74,6,3,1,1104,0,0.42536208023514144,prepaid,False,1
customer_1089,Mumbai,business,deluxe,ota,14,2,12,0.14285714285714285,13890,3287,97,2,4,7,720,3,0.20040755819742673,card,False,0
customer_1090,Chennai,leisure,suite,direct,14,4,10,0.2857142857142857,16811,5066,56,4,1,3,1201,1,0.8129467446270534,pay_at_hotel,False,0
customer_1091,Delhi,leisure,standard,corporate,2,0,2,0.0,4364,21221,33,7,1,4,203,2,0.28747552890730677,prepaid,True,0
customer_1092,Pune,business,standard,ota,6,1,5,0.16666666666666666,4673,8859,56,5,3,9,252,1,0.3369087646165174,prepaid,False,0
customer_1093,Goa,leisure,suite,ota,6,1,5,0.16666666666666666,6784,19486,99,6,2,2,557,3,0.7865862657683655,card,True,1
customer_1094,Hyderabad,leisure,deluxe,ota,4,1,3,0.25,8272,20685,21,3,3,1,281,0,0.0756447636984906,prepaid,False,0
customer_1095,Goa,leisure,deluxe,ota,12,4,8,0.3333333333333333,14468,17114,29,6,2,12,1481,2,0.10558894088700133,pay_at_hotel,True,1
customer_1096,Kolkata,business,standard,corporate,12,2,10,0.16666666666666666,3649,8174,10,5,4,8,198,0,0.721054368766489,prepaid,False,0
customer_1097,Bengaluru,business,suite,ota,12,2,10,0.16666666666666666,16180,9068,58,6,2,4,87,1,0.2677917195450501,card,False,1
customer_1098,Hyderabad,leisure,deluxe,direct,7,2,5,0.2857142857142857,10919,19210,4,3,4,8,1440,3,0.08834081988963716,pay_at_hotel,True,1
customer_1099,Kolkata,leisure,standard,direct,11,1,10,0.09090909090909091,4060,3538,70,4,3,6,1309,2,0.2897440885692498,card,True,0
customer_1100,Bengaluru,leisure,standard,corporate,13,1,12,0.07692307692307693,8684,6261,52,5,2,10,58,0,0.05391845555423469,prepaid,False,1
customer_1101,Pune,leisure,suite,corporate,0,0,0,0.0,11108,19214,117,5,2,8,572,0,0.6989653536423868,card,False,0
customer_1102,Delhi,leisure,suite,direct,1,1,0,1.0,4113,11761,115,5,1,10,42,3,0.6949484020937929,prepaid,True,1
customer_1103,Hyderabad,leisure,deluxe,ota,5,3,2,0.6,13564,12900,33,4,4,6,1194,2,0.8856266198683065,prepaid,False,0
customer_1104,Pune,business,standard,direct,7,2,5,0.2857142857142857,17961,14220,1,7,3,3,184,3,0.35322658826631137,prepaid,False,0
customer_1105,Hyderabad,leisure,standard,direct,14,1,13,0.07142857142857142,17632,13609,67,7,3,1,776,3,0.7918587036018022,card,False,0
customer_1106,Goa,business,standard,ota,13,2,11,0.15384615384615385,3422,12731,93,6,3,1,158,1,0.49883659382335876,prepaid,False,0
customer_1107,Delhi,business,deluxe,ota,2,1,1,0.5,13543,18921,110,6,3,5,1181,2,0.5892459041900096,pay_at_hotel,False,1
customer_1108,Hyderabad,leisure,suite,corporate,3,0,3,0.0,4228,3183,79,7,3,8,646,2,0.9610692929248661,prepaid,False,0
customer_1109,Hyderabad,business,standard,direct,10,3,7,0.3,8732,13105,100,2,3,6,1095,1,0.7333125052307272,prepaid,False,0
customer_1110,Mumbai,leisure,deluxe,direct,3,2,1,0.6666666666666666,14993,16283,100,6,1,9,501,3,0.664384272422998,prepaid,True,0
customer_1111,Hyderabad,leisure,suite,corporate,8,2,6,0.25,5051,8999,119,7,3,10,868,0,0.11265163216384733,card,False,0
customer_1112,Jaipur,business,suite,corporate,3,1,2,0.3333333333333333,6744,17502,29,7,2,5,714,2,0.0893415582288789,card,False,1
customer_1113,Mumbai,leisure,standard,ota,12,1,11,0.08333333333333333,7680,21875,118,5,1,5,1195,0,0.003742428349045035,pay_at_hotel,False,1
customer_1114,Chennai,business,suite,corporate,3,1,2,0.3333333333333333,7723,4075,28,3,1,11,430,2,0.7868649009371865,prepaid,True,0
customer_1115,Bengaluru,business,standard,direct,5,1,4,0.2,17105,18534,4,7,1,4,556,2,0.6778410406778043,prepaid,True,0
customer_1116,Mumbai,leisure,deluxe,ota,11,2,9,0.18181818181818182,13502,16848,17,2,4,4,1456,1,0.0765112488302534,card,False,0
customer_1117,Jaipur,business,deluxe,ota,6,1,5,0.16666666666666666,7773,6038,25,3,2,11,866,1,0.5273959540644526,card,True,0
customer_1118,Chennai,leisure,deluxe,ota,11,2,9,0.18181818181818182,4758,19747,26,3,4,11,1158,0,0.30135185086428296,pay_at_hotel,True,0
customer_1119,Kolkata,business,deluxe,ota,5,1,4,0.2,11227,16190,98,5,2,6,247,2,0.47482363696294716,pay_at_hotel,True,1
customer_1120,Bengaluru,leisure,suite,corporate,7,1,6,0.14285714285714285,8147,5748,26,7,2,12,677,0,0.9623358656801378,card,False,0
customer_1121,Jaipur,business,deluxe,direct,12,1,11,0.08333333333333333,12952,7739,45,2,1,9,272,0,0.2630106465894142,prepaid,False,0
customer_1122,Bengaluru,leisure,suite,corporate,14,2,12,0.14285714285714285,8542,10462,88,5,4,10,309,3,0.11824173038867036,pay_at_hotel,True,0
customer_1123,Jaipur,business,deluxe,corporate,6,0,6,0.0,16489,11520,43,1,4,2,933,1,0.8426857229161057,card,True,0
customer_1124,Delhi,business,standard,corporate,6,1,5,0.16666666666666666,10992,12839,87,4,3,3,461,1,0.052104535687826026,prepaid,True,0
customer_1125,Pune,leisure,deluxe,ota,6,1,5,0.16666666666666666,6896,6028,15,7,3,2,337,3,0.9083381532454478,prepaid,True,0
customer_1126,Bengaluru,business,suite,ota,13,3,10,0.23076923076923078,17893,3834,44,3,2,11,619,0,0.28900827909627413,card,False,0
customer_1127,Mumbai,leisure,deluxe,direct,2,1,1,0.5,17666,19267,1,4,2,9,1143,2,0.9594674702665283,prepaid,False,0
customer_1128,Chennai,business,suite,ota,3,0,3,0.0,4797,20494,70,2,4,7,102,1,0.7545750290178902,pay_at_hotel,True,1
customer_1129,Chennai,business,deluxe,direct,0,0,0,0.0,16115,9852,89,5,2,3,853,0,0.0015710508182541494,card,False,0
customer_1130,Delhi,leisure,suite,direct,0,0,0,0.0,11456,17436,114,1,3,6,958,1,0.6318576734090117,prepaid,True,0
customer_1131,Jaipur,leisure,deluxe,corporate,4,0,4,0.0,15642,16466,55,2,1,9,1462,2,0.4894102612378056,prepaid,False,1
customer_1132,Pune,leisure,suite,ota,7,2,5,0.2857142857142857,13971,19755,35,4,3,4,1010,2,0.5184219787137135,pay_at_hotel,True,0
customer_1133,Kolkata,business,suite,corporate,2,1,1,0.5,2577,11596,103,4,4,9,400,2,0.23726481600074723,card,False,0
customer_1134,Bengaluru,leisure,deluxe,direct,0,0,0,0.0,12649,3440,95,1,3,9,428,3,0.18170380002521713,pay_at_hotel,True,1
customer_1135,Jaipur,business,deluxe,corporate,3,0,3,0.0,9928,6605,114,2,3,11,1325,2,0.9231094736357937,prepaid,True,1
customer_1136,Jaipur,leisure,deluxe,ota,9,3,6,0.3333333333333333,9520,20710,110,4,2,10,1153,1,0.17602469870244064,pay_at_hotel,False,1
customer_1137,Hyderabad,leisure,suite,direct,0,0,0,0.0,5425,7403,40,2,2,4,1199,0,0.5457418187061334,pay_at_hotel,True,0
customer_1138,Kolkata,leisure,suite,corporate,6,4,2,0.6666666666666666,8173,2820,115,6,3,10,527,2,0.171831139091836,card,True,1
customer_1139,Delhi,leisure,deluxe,ota,3,1,2,0.3333333333333333,10384,15926,66,3,4,10,271,0,0.048565688818078545,card,True,0
customer_1140,Goa,business,suite,corporate,12,2,10,0.16666666666666666,8667,13749,100,6,4,10,161,0,0.011568714660440294,card,False,1
customer_1141,Delhi,leisure,standard,corporate,7,1,6,0.14285714285714285,8087,18064,66,3,3,4,1341,1,0.9518682998174518,pay_at_hotel,False,0
customer_1142,Chennai,leisure,standard,direct,5,0,5,0.0,12076,21798,55,7,4,1,607,0,0.8935881406825845,pay_at_hotel,False,0
customer_1143,Pune,leisure,suite,corporate,12,1,11,0.08333333333333333,12216,21715,43,5,4,12,863,1,0.7415393047624107,card,True,0
customer_1144,Pune,business,deluxe,ota,14,1,13,0.07142857142857142,14093,21854,91,4,3,1,1250,1,0.5960338793894108,card,True,0
customer_1145,Kolkata,leisure,suite,direct,2,1,1,0.5,10036,15041,47,3,4,9,318,2,0.45497180070816556,pay_at_hotel,False,0
customer_1146,Pune,business,deluxe,direct,4,1,3,0.25,10611,9864,23,4,2,10,1282,3,0.0828320929643026,pay_at_hotel,False,0
customer_1147,Mumbai,business,suite,direct,14,3,11,0.21428571428571427,9196,17248,68,2,1,6,597,0,0.7537849643321918,card,False,1
customer_1148,Pune,leisure,standard,direct,6,1,5,0.16666666666666666,7649,20070,14,6,4,9,339,2,0.32133997488970767,card,False,0
customer_1149,Bengaluru,leisure,suite,corporate,1,0,1,0.0,12902,11640,118,4,1,3,895,1,0.1959942721404243,pay_at_hotel,False,0
customer_1150,Kolkata,leisure,suite,corporate,4,0,4,0.0,16777,14792,13,5,2,7,1285,2,0.14419498112248563,pay_at_hotel,False,1
customer_1151,Jaipur,leisure,deluxe,ota,12,1,11,0.08333333333333333,12018,18476,47,3,4,1,414,3,0.17477372672504843,pay_at_hotel,False,1
customer_1152,Goa,leisure,standard,ota,5,1,4,0.2,3318,4024,109,6,4,7,90,2,0.05400487837648971,pay_at_hotel,False,0
customer_1153,Bengaluru,business,deluxe,corporate,14,2,12,0.14285714285714285,11823,6747,113,3,4,1,999,2,0.6134279040933013,card,True,0
customer_1154,Hyderabad,leisure,deluxe,direct,8,1,7,0.125,14435,14056,42,1,1,5,477,3,0.5055317486338219,card,False,0
customer_1155,Pune,leisure,suite,corporate,7,1,6,0.14285714285714285,7412,3856,41,1,3,2,126,2,0.6044739325145255,card,False,0
customer_1156,Mumbai,business,standard,direct,8,1,7,0.125,9302,14027,85,7,4,10,836,0,0.9087061695210354,pay_at_hotel,True,0
customer_1157,Goa,business,suite,direct,5,0,5,0.0,4290,16879,6,3,1,6,842,0,0.9645048760964994,prepaid,False,0
customer_1158,Pune,business,standard,ota,13,1,12,0.07692307692307693,11127,12480,85,7,4,8,644,1,0.1262254238089625,card,True,0
customer_1159,Goa,leisure,suite,direct,5,2,3,0.4,5095,8810,26,6,1,8,1053,0,0.07300269257056347,card,True,0
customer_1160,Hyderabad,business,standard,ota,11,1,10,0.09090909090909091,8549,7589,29,5,2,8,173,0,0.6091540817780943,card,True,0
customer_1161,Jaipur,leisure,deluxe,direct,2,0,2,0.0,3586,14212,49,5,1,2,426,1,0.017347819172672363,card,False,0
customer_1162,Kolkata,business,standard,ota,10,0,10,0.0,8419,21207,89,3,3,9,107,2,0.39132323013965187,pay_at_hotel,True,1
customer_1163,Pune,leisure,standard,direct,10,4,6,0.4,4791,21956,54,5,4,1,961,3,0.5159928712602737,prepaid,False,0
customer_1164,Goa,business,deluxe,ota,1,1,0,1.0,14136,5946,97,1,4,9,1147,1,0.6419257616093194,pay_at_hotel,True,1
customer_1165,Hyderabad,leisure,suite,direct,12,1,11,0.08333333333333333,16367,3604,70,2,1,7,820,0,0.8976499907316582,prepaid,True,0
customer_1166,Delhi,leisure,deluxe,corporate,9,0,9,0.0,4359,8259,85,1,4,1,33,0,0.17175499674081673,pay_at_hotel,True,1
customer_1167,Kolkata,leisure,standard,corporate,10,0,10,0.0,7588,11592,14,5,1,7,1153,3,0.2885896077051602,prepaid,True,0
customer_1168,Pune,business,deluxe,corporate,13,2,11,0.15384615384615385,8400,3331,40,2,2,2,1214,2,0.6310988806669057,card,True,0
customer_1169,Mumbai,business,standard,direct,9,0,9,0.0,10031,5891,60,5,2,2,858,0,0.3825815065618582,pay_at_hotel,False,1
customer_1170,Jaipur,leisure,deluxe,ota,8,1,7,0.125,15718,13526,18,2,4,5,942,1,0.5197368027342506,card,False,0
customer_1171,Mumbai,leisure,suite,ota,9,1,8,0.1111111111111111,9548,8968,59,1,1,9,1393,3,0.4974283469853672,prepaid,False,0
customer_1172,Hyderabad,leisure,deluxe,corporate,7,4,3,0.5714285714285714,10495,18416,42,2,3,1,1083,2,0.22260652447727036,prepaid,False,0
customer_1173,Jaipur,business,deluxe,ota,0,0,0,0.0,13359,19578,44,7,3,3,1016,0,0.9173057364097177,card,True,0
customer_1174,Chennai,leisure,deluxe,corporate,10,4,6,0.4,5955,4651,30,1,3,11,1233,1,0.561430115801268,card,False,0
customer_1175,Delhi,leisure,standard,ota,7,1,6,0.14285714285714285,16030,10644,79,6,4,1,325,0,0.9046435780864176,card,True,1
customer_1176,Jaipur,business,deluxe,ota,11,3,8,0.2727272727272727,9611,15872,38,3,1,5,1082,3,0.5072511055466711,prepaid,True,1
customer_1177,Mumbai,leisure,standard,ota,2,0,2,0.0,4897,19452,88,1,2,9,595,1,0.9436350386450709,card,True,0
customer_1178,Goa,leisure,deluxe,corporate,13,0,13,0.0,6780,19261,79,5,3,2,302,1,0.7707892391243933,pay_at_hotel,False,0
customer_1179,Mumbai,leisure,deluxe,ota,14,3,11,0.21428571428571427,5036,16470,11,5,2,10,738,3,0.04023236942648056,pay_at_hotel,False,1
customer_1180,Jaipur,business,suite,corporate,8,1,7,0.125,12861,21863,19,1,2,12,479,0,0.6555475101184196,card,True,0
customer_1181,Chennai,leisure,suite,direct,5,1,4,0.2,14979,6171,38,3,1,11,1143,2,0.4677647799344663,pay_at_hotel,True,0
customer_1182,Pune,business,suite,ota,5,0,5,0.0,5299,17247,50,2,3,10,215,2,0.5610919857251406,prepaid,True,0
customer_1183,Delhi,business,deluxe,direct,4,1,3,0.25,4738,8375,19,1,4,7,1073,2,0.6203297914708034,card,False,0
customer_1184,Chennai,business,suite,corporate,8,3,5,0.375,4869,13796,13,4,1,8,1382,3,0.8741157079878287,prepaid,True,0
customer_1185,Hyderabad,business,suite,ota,7,1,6,0.14285714285714285,2641,6693,47,2,4,12,453,3,0.05190718807549677,prepaid,True,1
customer_1186,Hyderabad,leisure,suite,corporate,11,5,6,0.45454545454545453,5806,6953,75,2,3,7,352,1,0.19115399307424652,card,True,1
customer_1187,Delhi,leisure,suite,direct,2,0,2,0.0,7173,6200,29,6,3,4,92,3,0.42216454679679827,prepaid,True,0
customer_1188,Bengaluru,leisure,suite,direct,4,0,4,0.0,14137,9634,68,4,4,8,534,1,0.7637785985850863,pay_at_hotel,False,1
customer_1189,Bengaluru,leisure,deluxe,direct,0,0,0,0.0,16393,9836,23,1,3,8,966,2,0.7918405078939063,prepaid,True,0
customer_1190,Kolkata,business,suite,ota,10,2,8,0.2,12559,13001,113,5,3,10,1024,0,0.915049618978224,card,True,0
customer_1191,Delhi,leisure,deluxe,corporate,14,5,9,0.35714285714285715,11392,20272,66,2,4,4,626,1,0.4831296396371074,prepaid,False,1
customer_1192,Bengaluru,leisure,deluxe,corporate,11,2,9,0.18181818181818182,9452,6882,4,1,2,1,1279,0,0.9742389810561408,prepaid,True,0
customer_1193,Chennai,leisure,deluxe,corporate,10,0,10,0.0,14672,2854,96,6,2,8,691,1,0.22600706010119387,prepaid,False,1
customer_1194,Pune,business,deluxe,corporate,5,1,4,0.2,6819,12796,81,4,4,7,1036,1,0.5280845714063456,card,True,1
customer_1195,Mumbai,business,suite,ota,13,2,11,0.15384615384615385,14355,18026,38,3,4,2,1303,0,0.8430287187537342,pay_at_hotel,True,1
customer_1196,Mumbai,leisure,deluxe,direct,3,0,3,0.0,5841,17255,14,5,1,10,48,2,0.6889795482561073,pay_at_hotel,False,0
customer_1197,Pune,leisure,deluxe,ota,9,4,5,0.4444444444444444,15243,11718,44,1,4,10,1072,2,0.6535256593254346,card,False,0
customer_1198,Kolkata,business,deluxe,direct,13,1,12,0.07692307692307693,10056,12099,106,7,4,10,964,0,0.4555644316278935,card,False,1
customer_1199,Delhi,business,standard,ota,5,0,5,0.0,8797,16854,110,7,1,7,520,0,0.7042550483297855,card,True,0
customer_1200,Chennai,business,standard,direct,3,0,3,0.0,13384,20540,82,4,3,6,1121,3,0.32738461069660096,pay_at_hotel,False,1
customer_1201,Kolkata,leisure,standard,ota,1,0,1,0.0,6865,13253,106,5,1,2,111,2,0.011340877143979022,card,True,1
customer_1202,Delhi,business,suite,ota,13,2,11,0.15384615384615385,7287,6765,22,4,4,3,435,0,0.8543555555408452,pay_at_hotel,False,0
customer_1203,Chennai,business,deluxe,ota,9,1,8,0.1111111111111111,8955,4118,4,6,2,11,325,0,0.08153590546076306,card,False,0
customer_1204,Chennai,leisure,suite,ota,1,0,1,0.0,8845,13692,46,7,1,4,452,2,0.2560250986070861,pay_at_hotel,True,0
customer_1205,Hyderabad,leisure,standard,ota,4,1,3,0.25,3225,20832,22,3,4,5,576,3,0.4638682585179925,prepaid,True,0
customer_1206,Hyderabad,business,suite,ota,14,1,13,0.07142857142857142,9046,16475,76,2,4,5,417,0,0.1598670456992003,pay_at_hotel,False,0
customer_1207,Bengaluru,business,standard,direct,2,1,1,0.5,8998,14910,49,4,2,7,1195,3,0.6402895622919548,card,True,0
customer_1208,Pune,leisure,suite,corporate,12,2,10,0.16666666666666666,9046,17146,44,4,3,11,588,1,0.9119931713105572,card,False,1
customer_1209,Jaipur,business,suite,ota,13,1,12,0.07692307692307693,4921,17221,112,3,1,11,810,2,0.19545631015659948,card,False,0
customer_1210,Pune,business,deluxe,ota,12,3,9,0.25,6770,4657,20,4,4,8,1083,3,0.7687109276653382,card,False,0
customer_1211,Bengaluru,leisure,standard,corporate,8,1,7,0.125,4695,12640,55,6,3,5,973,2,0.952706758814825,card,False,1
customer_1212,Goa,leisure,standard,corporate,8,0,8,0.0,10090,16176,80,5,3,7,774,2,0.2815089096792419,prepaid,False,0
customer_1213,Mumbai,leisure,deluxe,direct,6,0,6,0.0,5626,8832,81,1,3,10,529,0,0.6652620936172707,prepaid,False,0
customer_1214,Hyderabad,business,standard,corporate,2,1,1,0.5,17273,12045,24,5,2,8,836,0,0.19926861606519364,card,True,1
customer_1215,Kolkata,leisure,standard,ota,6,1,5,0.16666666666666666,10460,10624,25,7,2,2,447,2,0.3078081798721789,prepaid,False,1
customer_1216,Chennai,leisure,suite,direct,0,0,0,0.0,17680,18575,79,7,2,12,52,3,0.11932200941117077,prepaid,False,0
customer_1217,Jaipur,business,standard,corporate,6,0,6,0.0,16836,5343,16,5,1,12,297,1,0.5124916144862686,prepaid,True,0
customer_1218,Delhi,leisure,deluxe,ota,5,1,4,0.2,13642,20463,91,2,3,6,1005,1,0.8285426456048768,pay_at_hotel,False,1
customer_1219,Jaipur,business,standard,direct,3,0,3,0.0,16036,7449,30,5,2,7,984,0,0.2583962641210229,prepaid,True,0
customer_1220,Mumbai,business,suite,direct,4,0,4,0.0,2889,18491,48,6,4,2,144,3,0.8709640850796426,prepaid,False,0
customer_1221,Delhi,business,standard,ota,9,2,7,0.2222222222222222,12457,20732,39,7,1,10,1374,3,0.3139088150721925,prepaid,True,0
customer_1222,Mumbai,business,deluxe,direct,11,3,8,0.2727272727272727,11504,19601,86,7,4,10,118,2,0.34312052954509653,card,True,1
customer_1223,Jaipur,leisure,standard,ota,6,2,4,0.3333333333333333,10227,5050,22,7,1,10,188,0,0.29777826808815355,pay_at_hotel,False,0
customer_1224,Pune,leisure,suite,ota,6,1,5,0.16666666666666666,9596,18208,99,4,1,2,161,2,0.6028702376151721,prepaid,False,0
customer_1225,Delhi,business,deluxe,direct,2,0,2,0.0,14425,16060,29,1,4,4,513,0,0.4690987605779313,pay_at_hotel,True,1
customer_1226,Kolkata,leisure,deluxe,ota,5,1,4,0.2,7706,12412,89,4,3,11,1169,2,0.2694597893936884,card,False,1
customer_1227,Mumbai,business,deluxe,corporate,9,1,8,0.1111111111111111,13796,2551,117,7,1,1,717,2,0.6367750201050305,prepaid,True,0
customer_1228,Delhi,business,standard,ota,7,0,7,0.0,16888,13021,13,2,4,7,1422,3,0.7169499079603164,prepaid,False,1
customer_1229,Hyderabad,leisure,suite,ota,9,1,8,0.1111111111111111,14435,6531,105,6,4,4,1380,2,0.1922661215866619,card,False,1
customer_1230,Hyderabad,leisure,suite,corporate,9,2,7,0.2222222222222222,4980,21878,78,3,3,7,202,1,0.5155365715592212,pay_at_hotel,False,1
customer_1231,Mumbai,business,suite,ota,0,0,0,0.0,12473,7786,106,3,3,7,352,3,0.5666426769312439,prepaid,False,0
customer_1232,Chennai,business,deluxe,ota,10,1,9,0.1,14853,11739,27,4,1,9,926,2,0.9719167608239669,card,True,0
customer_1233,Delhi,business,standard,direct,2,1,1,0.5,15639,14797,32,6,1,7,307,2,0.8798656433112854,card,False,0
customer_1234,Goa,leisure,deluxe,direct,1,1,0,1.0,4861,4261,74,4,1,7,1352,0,0.024345536655194677,prepaid,True,0
customer_1235,Mumbai,leisure,deluxe,direct,11,1,10,0.09090909090909091,13771,18097,101,3,2,2,683,2,0.3186641345509361,pay_at_hotel,True,0
customer_1236,Hyderabad,business,suite,direct,0,0,0,0.0,16338,3353,102,4,2,10,1061,1,0.2776866548678225,card,False,0
customer_1237,Jaipur,business,suite,direct,1,0,1,0.0,8837,7768,54,3,1,3,20,2,0.7858720166817947,pay_at_hotel,True,1
customer_1238,Bengaluru,business,deluxe,corporate,1,0,1,0.0,2843,14757,107,3,3,3,428,3,0.9271385771926535,prepaid,True,0
customer_1239,Bengaluru,leisure,deluxe,corporate,2,0,2,0.0,17460,18846,72,4,1,12,768,0,0.20456988974247958,card,True,1
customer_1240,Jaipur,leisure,deluxe,direct,13,0,13,0.0,11046,21426,77,3,3,5,710,2,0.9921885363648986,card,False,0
customer_1241,Hyderabad,business,suite,corporate,4,0,4,0.0,3423,17383,53,4,1,8,117,3,0.5140586875542057,pay_at_hotel,False,0
customer_1242,Kolkata,business,deluxe,corporate,11,1,10,0.09090909090909091,4501,11053,62,4,1,10,801,0,0.30056149857477965,card,False,0
customer_1243,Mumbai,leisure,deluxe,direct,3,2,1,0.6666666666666666,6153,18981,90,6,1,10,1324,1,0.7318313856740422,card,True,1
customer_1244,Bengaluru,business,standard,direct,5,0,5,0.0,15347,16375,7,5,4,10,51,3,0.6698670875912447,prepaid,True,0
customer_1245,Delhi,business,suite,direct,7,2,5,0.2857142857142857,16332,6721,65,5,4,5,498,2,0.9113806886912028,card,False,0
customer_1246,Chennai,business,standard,ota,11,2,9,0.18181818181818182,5450,15667,27,2,4,6,569,3,0.35466827294649084,card,False,0
customer_1247,Pune,business,deluxe,corporate,12,1,11,0.08333333333333333,17342,16228,4,3,4,7,748,2,0.4254792158546874,prepaid,True,0
customer_1248,Bengaluru,business,suite,corporate,12,2,10,0.16666666666666666,6095,19771,55,6,1,11,1034,2,0.38860634007427475,pay_at_hotel,False,0
customer_1249,Mumbai,leisure,standard,ota,3,0,3,0.0,13100,14350,100,1,3,5,196,1,0.24457814944923684,card,False,1
customer_1250,Jaipur,business,suite,direct,4,0,4,0.0,13293,20632,43,6,4,11,932,3,0.9896494493925041,prepaid,False,0
customer_1251,Kolkata,business,suite,ota,14,1,13,0.07142857142857142,9509,16554,106,5,1,8,1018,3,0.07311933681976945,prepaid,False,0
customer_1252,Chennai,business,suite,direct,2,0,2,0.0,2898,14267,18,2,3,11,601,0,0.30450820649750365,pay_at_hotel,True,0
customer_1253,Delhi,business,suite,direct,14,5,9,0.35714285714285715,13968,9325,114,6,1,1,255,2,0.6610178670401202,card,False,0
customer_1254,Delhi,business,suite,corporate,14,0,14,0.0,14616,16249,30,7,3,12,1490,3,0.4275506067571776,pay_at_hotel,True,0
customer_1255,Hyderabad,business,standard,ota,4,0,4,0.0,14342,16710,24,7,2,10,828,1,0.6903517175119992,card,False,0
customer_1256,Jaipur,business,deluxe,direct,7,1,6,0.14285714285714285,14617,5234,47,2,2,12,52,3,0.4115980320856145,prepaid,False,0
customer_1257,Hyderabad,business,suite,ota,10,2,8,0.2,12805,19232,51,1,4,5,523,0,0.052527988794775715,card,False,1
customer_1258,Hyderabad,leisure,suite,corporate,7,1,6,0.14285714285714285,12245,4819,101,6,1,6,810,0,0.9314353421403702,pay_at_hotel,True,1
customer_1259,Jaipur,leisure,standard,direct,14,3,11,0.21428571428571427,10319,14944,104,5,2,10,190,1,0.5145517019441572,prepaid,False,0
customer_1260,Mumbai,business,deluxe,direct,0,0,0,0.0,15299,9816,14,3,3,10,10,3,0.7501511791919018,prepaid,True,1
customer_1261,Chennai,business,standard,corporate,6,3,3,0.5,5154,5449,20,6,2,10,665,1,0.6584496214590319,prepaid,True,0
customer_1262,Goa,business,standard,corporate,7,1,6,0.14285714285714285,2853,11840,50,5,1,5,1241,0,0.28527928494835264,prepaid,False,0
customer_1263,Bengaluru,leisure,suite,corporate,9,1,8,0.1111111111111111,3372,11604,10,2,2,11,213,1,0.12912367972018846,prepaid,False,0
customer_1264,Jaipur,business,standard,corporate,14,1,13,0.07142857142857142,16896,21636,43,1,1,9,275,0,0.2698756426168226,pay_at_hotel,True,1
customer_1265,Bengaluru,business,suite,corporate,2,0,2,0.0,13807,17186,88,2,1,5,997,1,0.5001527927368299,card,True,0
customer_1266,Mumbai,business,deluxe,corporate,6,1,5,0.16666666666666666,10771,21540,2,6,2,10,619,1,0.3917544407175144,pay_at_hotel,True,0
customer_1267,Hyderabad,leisure,deluxe,corporate,13,4,9,0.3076923076923077,12700,16671,8,3,1,10,324,0,0.9364122822615515,pay_at_hotel,True,0
customer_1268,Hyderabad,leisure,standard,corporate,9,1,8,0.1111111111111111,5819,19644,63,6,3,1,531,3,0.5478345802679188,pay_at_hotel,False,0
customer_1269,Goa,business,deluxe,corporate,2,0,2,0.0,7438,13253,87,6,4,3,1000,0,0.6691795746743444,prepaid,False,1
customer_1270,Delhi,business,suite,corporate,9,1,8,0.1111111111111111,7127,21373,16,5,4,2,1444,0,0.8804526970506575,prepaid,True,0
customer_1271,Bengaluru,leisure,suite,direct,2,0,2,0.0,3597,10429,61,1,2,6,680,2,0.04670487325018291,card,True,0
customer_1272,Goa,business,standard,ota,9,1,8,0.1111111111111111,10413,12885,20,7,3,10,650,0,0.7816995193687025,pay_at_hotel,True,0
customer_1273,Jaipur,leisure,suite,direct,4,2,2,0.5,11949,6819,82,4,4,12,41,1,0.5642938926661981,prepaid,False,1
customer_1274,Jaipur,leisure,standard,corporate,6,0,6,0.0,16510,7656,120,2,4,12,851,3,0.7673299092753699,card,True,0
customer_1275,Bengaluru,leisure,deluxe,corporate,7,0,7,0.0,7761,2715,34,2,4,7,674,2,0.6557938491000377,pay_at_hotel,True,0
customer_1276,Delhi,leisure,suite,direct,1,0,1,0.0,5210,15330,107,5,1,7,476,3,0.6814726319858042,pay_at_hotel,False,0
customer_1277,Bengaluru,leisure,standard,direct,0,0,0,0.0,17320,5912,59,3,2,10,920,0,0.19651781839231952,card,False,0
customer_1278,Delhi,leisure,deluxe,ota,9,2,7,0.2222222222222222,6451,5123,119,7,1,10,764,2,0.451081614680902,prepaid,False,1
customer_1279,Mumbai,leisure,suite,corporate,6,1,5,0.16666666666666666,2845,9912,57,5,1,1,1291,0,0.09651447071202401,prepaid,False,1
customer_1280,Bengaluru,leisure,standard,corporate,11,3,8,0.2727272727272727,12027,14774,19,7,3,4,1107,3,0.7323430296357656,card,True,0
customer_1281,Delhi,business,deluxe,direct,11,2,9,0.18181818181818182,8753,6654,41,1,3,3,1283,0,0.30020629103650986,pay_at_hotel,True,0
customer_1282,Delhi,leisure,deluxe,direct,12,1,11,0.08333333333333333,12334,8597,29,5,1,11,766,2,0.6773632664142749,prepaid,False,0
customer_1283,Pune,business,suite,direct,14,1,13,0.07142857142857142,5186,16981,120,2,2,6,946,0,0.024309457211191376,prepaid,True,0
customer_1284,Hyderabad,leisure,suite,ota,9,3,6,0.3333333333333333,14797,21435,30,2,4,7,1159,3,0.06502900065367068,prepaid,True,1
customer_1285,Mumbai,business,standard,corporate,13,2,11,0.15384615384615385,5361,14393,13,4,1,5,179,2,0.0750761955206275,prepaid,False,0
customer_1286,Kolkata,leisure,standard,direct,4,0,4,0.0,6145,10129,73,1,3,12,409,2,0.2991547828812674,prepaid,False,0
customer_1287,Hyderabad,leisure,suite,ota,13,1,12,0.07692307692307693,4374,12964,33,7,1,7,634,1,0.34303539831388563,prepaid,True,0
customer_1288,Pune,business,suite,corporate,3,2,1,0.6666666666666666,7896,11824,22,4,3,8,1243,0,0.3308129910530334,pay_at_hotel,True,0
customer_1289,Delhi,business,deluxe,direct,4,0,4,0.0,3013,17683,18,6,1,5,303,1,0.9482537238032672,card,False,0
customer_1290,Mumbai,business,standard,ota,6,1,5,0.16666666666666666,10786,13379,8,3,1,10,853,1,0.7960963160895763,prepaid,True,0
customer_1291,Jaipur,leisure,standard,ota,8,0,8,0.0,6937,12245,18,5,1,1,1280,0,0.7375485173242352,pay_at_hotel,False,0
customer_1292,Kolkata,business,standard,direct,10,2,8,0.2,9414,16209,79,3,3,1,680,1,0.7559929065219589,pay_at_hotel,False,0
customer_1293,Mumbai,leisure,deluxe,corporate,14,1,13,0.07142857142857142,11914,7649,98,7,1,5,1422,0,0.5226328820229693,prepaid,True,1
customer_1294,Bengaluru,leisure,deluxe,ota,2,1,1,0.5,9201,21368,94,3,2,7,639,1,0.7069561136608927,prepaid,True,1
customer_1295,Mumbai,business,deluxe,direct,12,2,10,0.16666666666666666,4773,7026,111,1,2,10,636,1,0.8185133930026607,pay_at_hotel,False,0
customer_1296,Mumbai,leisure,standard,direct,5,1,4,0.2,7772,15460,91,5,1,1,624,3,0.6098853339390975,pay_at_hotel,True,0
customer_1297,Delhi,leisure,suite,corporate,12,1,11,0.08333333333333333,10313,7602,118,1,1,8,1293,2,0.7855035569753578,pay_at_hotel,False,1
customer_1298,Mumbai,leisure,standard,ota,14,2,12,0.14285714285714285,16489,2637,110,2,2,11,1352,0,0.977683047729878,prepaid,False,1
customer_1299,Kolkata,leisure,standard,direct,2,0,2,0.0,4238,18171,77,3,2,4,1387,0,0.7874442167386926,prepaid,False,0
customer_1300,Mumbai,leisure,deluxe,ota,12,0,12,0.0,15715,10319,112,2,3,2,33,2,0.7940170984426924,prepaid,False,0
customer_1301,Mumbai,business,deluxe,direct,5,1,4,0.2,17847,10732,44,7,1,4,84,0,0.9591314171847817,prepaid,True,0
customer_1302,Kolkata,leisure,deluxe,corporate,13,2,11,0.15384615384615385,6848,3447,100,2,2,5,413,3,0.6393319310674046,pay_at_hotel,True,0
customer_1303,Jaipur,business,deluxe,corporate,7,1,6,0.14285714285714285,14815,17782,27,1,3,8,805,2,0.12487399459254811,pay_at_hotel,True,0
customer_1304,Jaipur,leisure,suite,ota,14,3,11,0.21428571428571427,12077,11066,39,2,1,12,634,0,0.19957066190105588,prepaid,True,1
customer_1305,Bengaluru,leisure,suite,ota,9,4,5,0.4444444444444444,5959,10210,111,4,1,8,439,2,0.8714112734844635,prepaid,False,1
customer_1306,Bengaluru,leisure,deluxe,corporate,6,0,6,0.0,11064,21518,120,7,4,4,1488,3,0.6145304926431803,prepaid,True,1
customer_1307,Mumbai,business,suite,corporate,10,3,7,0.3,6907,11411,64,7,4,2,686,3,0.21501421916521968,prepaid,False,0
customer_1308,Bengaluru,leisure,standard,direct,4,0,4,0.0,8798,4123,103,4,1,1,345,0,0.6232687900580196,card,True,1
customer_1309,Bengaluru,business,standard,ota,11,2,9,0.18181818181818182,3807,18043,66,3,4,5,895,0,0.9539449253562585,prepaid,False,0
customer_1310,Kolkata,leisure,standard,ota,5,1,4,0.2,8890,3611,15,7,4,7,456,3,0.9269703972441979,pay_at_hotel,False,0
customer_1311,Mumbai,business,standard,ota,9,3,6,0.3333333333333333,7180,20545,40,4,4,12,1017,1,0.3309049631034272,prepaid,True,1
customer_1312,Hyderabad,leisure,standard,direct,1,0,1,0.0,7544,5038,22,7,1,12,768,2,0.3930177707980791,prepaid,False,1
customer_1313,Mumbai,leisure,standard,ota,4,1,3,0.25,4529,4658,17,3,2,2,997,1,0.24326434580773415,prepaid,False,0
customer_1314,Pune,business,standard,ota,3,0,3,0.0,14482,14213,37,3,1,7,696,3,0.15896905365841352,card,True,0
customer_1315,Jaipur,business,standard,direct,3,2,1,0.6666666666666666,4334,10023,62,5,4,4,326,2,0.08866120808360944,pay_at_hotel,True,0
customer_1316,Mumbai,leisure,suite,corporate,2,1,1,0.5,9619,4436,82,6,3,10,27,0,0.615743145528579,card,False,0
customer_1317,Pune,leisure,deluxe,direct,6,2,4,0.3333333333333333,8313,18752,47,3,2,12,40,2,0.5436534089942116,pay_at_hotel,True,0
customer_1318,Mumbai,leisure,suite,corporate,13,2,11,0.15384615384615385,9354,17580,86,6,1,9,864,3,0.5233795739537352,pay_at_hotel,True,1
customer_1319,Kolkata,business,deluxe,corporate,13,1,12,0.07692307692307693,14559,19382,20,2,1,6,943,1,0.5195693781625502,card,False,0
customer_1320,Delhi,business,suite,ota,4,1,3,0.25,7715,2884,79,5,2,11,1426,3,0.6061323963379256,pay_at_hotel,True,0
customer_1321,Pune,business,standard,ota,7,1,6,0.14285714285714285,7390,10965,30,5,1,5,385,3,0.7213841168006198,pay_at_hotel,False,0
customer_1322,Bengaluru,business,standard,direct,7,1,6,0.14285714285714285,12240,13760,85,7,2,8,1292,2,0.637519980846249,prepaid,False,0
customer_1323,Mumbai,business,deluxe,ota,3,0,3,0.0,4423,10138,93,3,3,10,529,0,0.5562130669192423,card,True,1
customer_1324,Hyderabad,leisure,deluxe,ota,3,0,3,0.0,3907,3884,5,5,3,12,1039,1,0.5161473415322018,card,True,0
customer_1325,Pune,business,suite,direct,14,4,10,0.2857142857142857,3060,7619,105,7,3,4,52,3,0.0952571230287198,card,True,1
customer_1326,Kolkata,business,suite,direct,9,1,8,0.1111111111111111,3156,4052,80,7,2,10,1260,1,0.7889121862440657,card,True,0
customer_1327,Mumbai,leisure,deluxe,corporate,12,2,10,0.16666666666666666,3227,12414,16,6,1,8,761,2,0.11889126812485673,pay_at_hotel,True,0
customer_1328,Jaipur,business,deluxe,ota,5,0,5,0.0,6667,18714,106,6,2,7,278,0,0.9130280253334802,pay_at_hotel,True,0
customer_1329,Pune,business,deluxe,direct,4,1,3,0.25,15420,11323,13,4,1,2,907,0,0.6114967442944877,pay_at_hotel,True,0
customer_1330,Chennai,leisure,deluxe,ota,12,1,11,0.08333333333333333,16392,10207,110,3,3,2,415,2,0.27158004743054653,prepaid,False,1
customer_1331,Chennai,leisure,deluxe,ota,11,2,9,0.18181818181818182,10606,6306,102,4,1,7,851,3,0.8998950471892022,pay_at_hotel,True,1
customer_1332,Jaipur,business,standard,corporate,8,3,5,0.375,5145,10687,111,3,4,6,582,1,0.39078201255927736,pay_at_hotel,False,1
customer_1333,Chennai,leisure,standard,ota,8,2,6,0.25,3930,15130,68,7,4,5,810,1,0.45603251224316566,card,False,0
customer_1334,Kolkata,leisure,deluxe,direct,5,2,3,0.4,12235,9654,2,6,1,4,843,2,0.9530432231262337,prepaid,True,0
customer_1335,Goa,business,deluxe,corporate,11,1,10,0.09090909090909091,17314,21919,81,3,3,4,286,2,0.5878855149060273,pay_at_hotel,True,0
customer_1336,Jaipur,leisure,deluxe,ota,0,0,0,0.0,8932,19750,70,4,4,6,490,2,0.8929708990996522,card,True,1
customer_1337,Delhi,business,suite,direct,11,2,9,0.18181818181818182,14743,6536,63,6,3,1,1325,3,0.44589982690516916,prepaid,True,0
customer_1338,Hyderabad,leisure,suite,corporate,14,4,10,0.2857142857142857,6022,18701,109,2,2,5,1127,3,0.9298423361790197,prepaid,True,0
customer_1339,Kolkata,leisure,deluxe,ota,3,0,3,0.0,10056,18892,74,5,1,3,357,3,0.8199256492831074,prepaid,False,1
customer_1340,Mumbai,business,deluxe,corporate,3,0,3,0.0,17127,19275,52,6,4,4,1363,3,0.26742800398591593,pay_at_hotel,False,0
customer_1341,Delhi,business,suite,ota,12,5,7,0.4166666666666667,15146,9856,93,6,3,3,157,2,0.0006901750647781979,prepaid,True,1
customer_1342,Pune,business,standard,direct,14,1,13,0.07142857142857142,6346,14341,46,3,2,4,866,3,0.677145650682818,card,True,1
customer_1343,Kolkata,leisure,suite,ota,3,1,2,0.3333333333333333,8582,19510,50,5,1,11,477,1,0.787335639725043,card,True,0
customer_1344,Chennai,business,standard,direct,8,1,7,0.125,15218,14596,50,6,3,1,374,0,0.3793954660399921,card,False,0
customer_1345,Goa,business,suite,ota,8,1,7,0.125,4013,16731,110,3,2,9,360,0,0.47742842041986555,card,True,0
customer_1346,Hyderabad,business,standard,corporate,10,1,9,0.1,11054,5806,110,4,4,9,1084,2,0.8148811925163735,card,False,0
customer_1347,Delhi,leisure,standard,direct,4,2,2,0.5,8379,10888,95,6,2,12,819,3,0.3967432366045961,prepaid,False,0
customer_1348,Hyderabad,business,suite,direct,5,0,5,0.0,5690,20310,46,3,4,7,572,2,0.598381334983118,pay_at_hotel,False,0
customer_1349,Goa,business,suite,ota,14,3,11,0.21428571428571427,14178,17004,68,4,1,7,1171,1,0.39495849704699804,card,False,1
customer_1350,Bengaluru,business,suite,ota,10,2,8,0.2,7769,13649,52,5,2,11,1060,1,0.00795581558463787,prepaid,False,0
customer_1351,Jaipur,business,suite,direct,1,0,1,0.0,17881,12145,38,5,3,1,933,1,0.7934569707815385,prepaid,False,0
customer_1352,Chennai,leisure,deluxe,direct,7,0,7,0.0,17867,11878,64,4,4,3,481,1,0.2222276435962557,card,False,0
customer_1353,Chennai,business,standard,ota,5,3,2,0.6,4235,11064,29,3,1,1,786,3,0.023334589214200396,card,True,0
customer_1354,Hyderabad,leisure,standard,ota,13,1,12,0.07692307692307693,12433,7656,58,4,4,10,498,0,0.9017221472082442,pay_at_hotel,False,0
customer_1355,Jaipur,business,suite,ota,4,2,2,0.5,12552,19026,29,4,2,8,707,3,0.25112055615554496,card,True,0
customer_1356,Delhi,leisure,deluxe,ota,0,0,0,0.0,11315,20917,22,6,4,2,548,1,0.6483200999863272,card,False,0
customer_1357,Delhi,leisure,deluxe,corporate,12,2,10,0.16666666666666666,14897,20237,36,6,3,9,1022,3,0.7393903346787433,card,True,0
customer_1358,Kolkata,business,deluxe,corporate,7,2,5,0.2857142857142857,8188,12877,75,7,3,8,1132,0,0.7775492413837919,pay_at_hotel,False,0
customer_1359,Bengaluru,business,deluxe,corporate,12,2,10,0.16666666666666666,15604,13363,66,4,3,10,1338,1,0.08091598247594944,prepaid,False,0
customer_1360,Chennai,business,standard,corporate,6,0,6,0.0,7566,5590,69,2,2,10,1106,3,0.058560476245199444,card,False,0
customer_1361,Goa,leisure,standard,direct,11,3,8,0.2727272727272727,6126,20058,61,3,1,12,319,2,0.5387607343892877,pay_at_hotel,True,0
customer_1362,Pune,leisure,standard,direct,6,2,4,0.3333333333333333,17467,6312,88,1,1,12,334,0,0.5200471644306524,card,True,1
customer_1363,Pune,business,deluxe,ota,1,0,1,0.0,15833,8760,36,6,4,1,543,1,0.3178206280655269,prepaid,True,0
customer_1364,Goa,business,suite,corporate,0,0,0,0.0,7548,14383,51,7,4,3,540,3,0.2184648924981305,card,False,0
customer_1365,Kolkata,leisure,deluxe,ota,11,1,10,0.09090909090909091,8176,11192,57,5,4,1,524,0,0.06693402566102347,pay_at_hotel,True,1
customer_1366,Delhi,business,standard,ota,10,2,8,0.2,2566,15740,40,1,2,2,1108,0,0.7083580102738181,prepaid,True,0
customer_1367,Delhi,leisure,deluxe,corporate,0,0,0,0.0,13231,21025,96,3,3,11,1461,2,0.6113654699360509,pay_at_hotel,False,1
customer_1368,Bengaluru,leisure,deluxe,corporate,6,1,5,0.16666666666666666,12281,21595,84,2,3,9,1371,3,0.8824249949675781,card,False,0
customer_1369,Mumbai,leisure,deluxe,ota,14,3,11,0.21428571428571427,12857,15917,102,3,4,6,285,0,0.7447393461359687,prepaid,True,1
customer_1370,Chennai,business,standard,direct,14,2,12,0.14285714285714285,8271,9481,19,3,4,6,623,1,0.8747789879039839,pay_at_hotel,False,0
customer_1371,Delhi,business,deluxe,corporate,6,0,6,0.0,10234,9614,21,7,4,8,503,2,0.2781586322431383,pay_at_hotel,True,0
customer_1372,Kolkata,business,suite,ota,11,5,6,0.45454545454545453,3041,18163,33,5,1,3,1213,0,0.9548747269251936,pay_at_hotel,False,0
customer_1373,Chennai,business,deluxe,ota,1,0,1,0.0,16944,14613,120,5,4,11,581,1,0.45965408044166767,card,True,1
customer_1374,Chennai,business,standard,direct,4,2,2,0.5,12089,21342,22,7,1,8,51,3,0.12326364578576832,prepaid,False,0
customer_1375,Jaipur,leisure,standard,direct,6,0,6,0.0,11640,10836,111,4,1,5,641,1,0.3883931694820375,pay_at_hotel,False,0
customer_1376,Delhi,leisure,deluxe,direct,13,4,9,0.3076923076923077,11383,7718,118,7,1,1,1399,2,0.14529628644809367,card,True,1
customer_1377,Mumbai,business,suite,corporate,14,2,12,0.14285714285714285,8338,5600,76,5,2,4,760,3,0.8752443993025074,prepaid,True,0
customer_1378,Pune,leisure,deluxe,ota,9,2,7,0.2222222222222222,4398,19893,109,2,1,7,650,3,0.6157328142238714,prepaid,False,1
customer_1379,Goa,leisure,standard,corporate,13,2,11,0.15384615384615385,17549,10751,97,1,2,8,1153,2,0.4073580290193777,card,False,1
customer_1380,Jaipur,leisure,suite,ota,9,1,8,0.1111111111111111,13931,15970,82,7,1,8,985,2,0.19406386785214313,prepaid,False,1
customer_1381,Goa,business,suite,ota,10,1,9,0.1,6309,20012,100,7,4,4,1236,2,0.3786956781217733,prepaid,True,1
customer_1382,Kolkata,business,suite,corporate,2,0,2,0.0,11791,20824,1,6,4,4,1111,2,0.20860421529315298,pay_at_hotel,False,0
customer_1383,Mumbai,leisure,deluxe,corporate,13,2,11,0.15384615384615385,13473,20870,30,1,2,2,1221,1,0.6996603559850991,card,False,0
customer_1384,Kolkata,leisure,suite,direct,7,2,5,0.2857142857142857,4780,10380,97,6,3,11,557,3,0.21382424450799686,card,True,1
customer_1385,Hyderabad,leisure,suite,corporate,9,0,9,0.0,11805,14482,27,5,1,8,5,2,0.7939352406636638,prepaid,True,1
customer_1386,Jaipur,business,standard,direct,8,2,6,0.25,6637,13102,69,7,3,4,549,3,0.6102396819679363,pay_at_hotel,True,0
customer_1387,Mumbai,leisure,standard,ota,9,2,7,0.2222222222222222,12142,15448,112,3,4,12,351,1,0.019879082665319237,pay_at_hotel,False,1
customer_1388,Chennai,leisure,suite,ota,2,1,1,0.5,3236,13771,49,5,2,10,1180,2,0.8528255371404669,card,True,0
customer_1389,Pune,leisure,standard,ota,4,1,3,0.25,14835,5785,49,1,4,10,61,2,0.8836797532844392,prepaid,True,0
customer_1390,Chennai,business,standard,direct,6,4,2,0.6666666666666666,16607,6223,77,2,1,7,1392,0,0.8930407885720016,pay_at_hotel,False,0
customer_1391,Jaipur,leisure,suite,ota,9,2,7,0.2222222222222222,7735,3809,55,7,1,12,205,2,0.633286848124865,card,True,0
customer_1392,Bengaluru,leisure,suite,direct,4,0,4,0.0,7370,14931,74,3,2,7,290,2,0.9643285037206298,card,True,0
customer_1393,Mumbai,business,standard,ota,9,3,6,0.3333333333333333,6699,6749,35,1,3,7,300,1,0.9129166947514298,prepaid,True,0
customer_1394,Pune,leisure,standard,corporate,8,3,5,0.375,17647,18497,119,7,3,9,1320,0,0.5540625194543223,prepaid,True,1
customer_1395,Bengaluru,leisure,standard,corporate,7,0,7,0.0,3016,2925,52,3,4,10,816,2,0.6737899122966347,card,False,0
customer_1396,Goa,leisure,suite,ota,6,0,6,0.0,17971,12471,18,1,4,6,1093,0,0.665627337999162,pay_at_hotel,False,0
customer_1397,Bengaluru,leisure,standard,ota,2,2,0,1.0,5316,21602,10,2,1,6,210,0,0.6484966325506943,card,False,1
customer_1398,Bengaluru,business,deluxe,direct,14,3,11,0.21428571428571427,12677,8824,34,4,4,6,460,1,0.2860674043513326,card,False,0
customer_1399,Goa,business,suite,ota,9,3,6,0.3333333333333333,6517,21650,53,1,1,8,942,0,0.2769685049724483,pay_at_hotel,True,0
customer_1400,Mumbai,leisure,suite,ota,13,4,9,0.3076923076923077,16262,9499,87,6,4,10,344,1,0.736236597043577,pay_at_hotel,True,1
customer_1401,Bengaluru,business,suite,corporate,14,2,12,0.14285714285714285,8190,9175,77,1,2,5,918,2,0.4067397191069835,pay_at_hotel,False,0
customer_1402,Kolkata,leisure,standard,corporate,12,5,7,0.4166666666666667,5388,8820,63,5,4,11,827,0,0.46755146250788937,card,True,1
customer_1403,Mumbai,leisure,deluxe,corporate,3,1,2,0.3333333333333333,17111,18388,83,6,3,7,215,1,0.8809459021857939,card,True,0
customer_1404,Mumbai,leisure,standard,direct,6,1,5,0.16666666666666666,6930,6741,79,3,4,5,1340,3,0.5983007620887452,pay_at_hotel,True,0
customer_1405,Mumbai,leisure,suite,direct,1,0,1,0.0,17979,4096,104,3,2,5,1225,1,0.646019769494277,pay_at_hotel,False,0
customer_1406,Bengaluru,business,suite,ota,2,0,2,0.0,15315,15080,62,7,1,1,325,0,0.1951840554004145,pay_at_hotel,False,0
customer_1407,Jaipur,business,suite,corporate,8,3,5,0.375,17708,4223,38,1,4,8,878,3,0.7875556434281561,pay_at_hotel,True,0
customer_1408,Pune,leisure,standard,direct,7,3,4,0.42857142857142855,14367,18837,48,2,4,6,1374,1,0.7260591694541951,prepaid,False,0
customer_1409,Pune,leisure,deluxe,ota,3,1,2,0.3333333333333333,4722,6036,29,4,3,12,168,2,0.5885631450247774,prepaid,False,1
customer_1410,Hyderabad,leisure,deluxe,ota,9,1,8,0.1111111111111111,13191,11297,4,7,1,11,902,1,0.1850078561592079,card,False,1
customer_1411,Delhi,leisure,deluxe,corporate,9,1,8,0.1111111111111111,11076,16960,117,7,4,3,360,2,0.6122382739274947,prepaid,False,0
customer_1412,Delhi,business,deluxe,corporate,13,1,12,0.07692307692307693,14048,17748,64,6,1,12,205,3,0.6738241785583821,card,False,0
customer_1413,Pune,business,deluxe,ota,4,1,3,0.25,4748,9297,94,4,4,10,450,2,0.9385344329335886,card,True,1
customer_1414,Jaipur,business,standard,corporate,5,2,3,0.4,6751,19569,56,5,2,8,1319,1,0.8023402408025992,card,False,0
customer_1415,Hyderabad,leisure,deluxe,corporate,4,0,4,0.0,4589,10744,8,4,2,3,1012,0,0.8035665917921552,card,False,0
customer_1416,Kolkata,leisure,deluxe,direct,10,1,9,0.1,9568,16288,23,1,2,10,1247,3,0.7663606454736402,prepaid,False,0
customer_1417,Jaipur,leisure,deluxe,corporate,3,0,3,0.0,13886,13354,101,6,3,2,139,1,0.8637367730199736,prepaid,True,0
customer_1418,Jaipur,leisure,suite,corporate,6,2,4,0.3333333333333333,15579,5119,67,4,2,8,974,3,0.11796146642013172,pay_at_hotel,False,0
customer_1419,Bengaluru,business,standard,ota,12,0,12,0.0,13077,15698,6,5,2,9,1267,2,0.005648273570092455,card,True,1
customer_1420,Jaipur,business,standard,corporate,12,1,11,0.08333333333333333,4006,14585,112,3,2,7,1137,0,0.5210948151684298,card,False,1
customer_1421,Kolkata,business,deluxe,ota,5,1,4,0.2,8145,9910,69,6,4,11,127,0,0.4408463077562448,prepaid,True,0
customer_1422,Hyderabad,leisure,deluxe,direct,11,3,8,0.2727272727272727,8653,4294,68,1,3,4,492,3,0.04928580302250252,pay_at_hotel,False,0
customer_1423,Jaipur,leisure,standard,direct,0,0,0,0.0,3798,9031,106,2,4,3,1489,1,0.24683476237895274,pay_at_hotel,False,0
customer_1424,Hyderabad,leisure,deluxe,direct,1,0,1,0.0,11983,18263,90,6,3,2,319,3,0.47475021743810475,prepaid,True,0
customer_1425,Mumbai,leisure,standard,ota,3,0,3,0.0,11396,5462,120,4,3,1,774,2,0.2983029229195504,card,True,0
customer_1426,Delhi,leisure,standard,ota,6,1,5,0.16666666666666666,16808,6630,105,5,2,3,148,2,0.010479153894384141,card,False,1
customer_1427,Goa,business,deluxe,ota,11,0,11,0.0,6718,17743,91,6,2,11,844,1,0.9962986870545374,pay_at_hotel,False,1
customer_1428,Mumbai,business,standard,corporate,5,0,5,0.0,4221,10110,102,7,1,4,903,2,0.40266078360867175,card,False,0
customer_1429,Jaipur,business,standard,corporate,1,0,1,0.0,2667,15047,91,3,4,8,1011,1,0.4070802865284776,prepaid,True,0
customer_1430,Mumbai,business,deluxe,corporate,8,0,8,0.0,15174,15744,4,5,2,11,709,3,0.3832935130158951,card,False,1
customer_1431,Pune,leisure,deluxe,corporate,3,1,2,0.3333333333333333,12573,11663,50,3,2,4,284,0,0.8304369446484646,pay_at_hotel,False,0
customer_1432,Goa,leisure,standard,direct,7,1,6,0.14285714285714285,5778,19301,4,1,3,3,1374,0,0.17831996497391545,pay_at_hotel,False,0
customer_1433,Pune,business,deluxe,ota,11,0,11,0.0,5299,11991,55,6,3,9,161,1,0.3232825850254474,card,True,0
customer_1434,Goa,business,standard,corporate,13,1,12,0.07692307692307693,6141,11801,21,3,1,11,82,2,0.5367768272606105,card,False,0
customer_1435,Kolkata,business,suite,ota,10,1,9,0.1,10195,18078,87,5,3,6,1223,3,0.08883737512334966,pay_at_hotel,True,1
customer_1436,Bengaluru,business,deluxe,ota,11,3,8,0.2727272727272727,13700,11173,68,3,4,10,963,3,0.8252957553419343,card,True,1
customer_1437,Kolkata,business,standard,ota,12,2,10,0.16666666666666666,10412,19036,2,2,3,5,315,3,0.8749811572578948,prepaid,True,1
customer_1438,Pune,business,standard,ota,13,3,10,0.23076923076923078,7182,7018,37,5,4,7,740,3,0.31263237257993803,prepaid,False,0
customer_1439,Bengaluru,business,suite,direct,14,2,12,0.14285714285714285,5766,5484,95,6,4,6,1441,3,0.38025891706282233,prepaid,True,1
customer_1440,Kolkata,leisure,standard,corporate,10,3,7,0.3,12882,4534,42,7,4,6,1061,1,0.466236900694864,prepaid,False,0
customer_1441,Mumbai,leisure,standard,corporate,9,3,6,0.3333333333333333,15937,11739,103,6,1,1,1105,3,0.05558808560398476,pay_at_hotel,False,0
customer_1442,Delhi,leisure,standard,direct,11,3,8,0.2727272727272727,11528,4745,49,2,4,6,140,2,0.6593480948968385,pay_at_hotel,True,0
customer_1443,Jaipur,business,suite,ota,14,4,10,0.2857142857142857,13932,12585,114,7,1,10,544,3,0.8796298590008821,card,False,1
customer_1444,Jaipur,leisure,standard,direct,7,1,6,0.14285714285714285,12509,18197,118,6,4,11,1218,1,0.4535249869724083,prepaid,True,0
customer_1445,Jaipur,business,deluxe,corporate,0,0,0,0.0,9885,5891,112,5,1,7,1016,2,0.6261099660231666,card,False,0
customer_1446,Jaipur,business,deluxe,corporate,8,1,7,0.125,15344,9994,66,6,1,5,1154,0,0.5280152804121624,prepaid,False,0
customer_1447,Jaipur,business,suite,ota,4,0,4,0.0,17325,18010,80,5,4,8,991,3,0.21968256776177664,prepaid,True,0
customer_1448,Mumbai,leisure,standard,ota,7,0,7,0.0,9639,15890,90,7,1,11,696,3,0.20683901729813214,card,True,0
customer_1449,Chennai,business,standard,corporate,5,2,3,0.4,13710,3162,64,7,3,6,460,1,0.27294603183931065,prepaid,True,1
customer_1450,Chennai,leisure,suite,ota,4,0,4,0.0,5369,14042,96,6,1,1,631,1,0.05854555352014612,card,False,0
customer_1451,Delhi,leisure,standard,corporate,11,2,9,0.18181818181818182,2620,13505,28,6,2,5,936,2,0.9448686220265471,pay_at_hotel,False,0
customer_1452,Hyderabad,leisure,deluxe,corporate,7,0,7,0.0,7328,5326,44,4,4,7,52,1,0.8359320164086644,card,True,0
customer_1453,Hyderabad,business,deluxe,corporate,3,1,2,0.3333333333333333,5526,8726,8,2,4,2,1336,0,0.7412597453470313,prepaid,False,0
customer_1454,Chennai,business,standard,ota,7,0,7,0.0,12851,3582,24,2,2,9,1006,2,0.8460521836494983,pay_at_hotel,True,0
customer_1455,Delhi,business,deluxe,ota,0,0,0,0.0,5693,7738,114,2,2,6,229,3,0.7915467607481518,card,True,0
customer_1456,Goa,business,suite,corporate,8,0,8,0.0,5231,21139,56,2,1,4,491,3,0.30277153196645235,prepaid,True,0
customer_1457,Mumbai,business,deluxe,ota,8,3,5,0.375,6783,4333,15,1,4,5,1258,2,0.7805450320388616,prepaid,False,0
customer_1458,Goa,leisure,deluxe,direct,4,1,3,0.25,14155,12410,78,2,1,10,931,0,0.2744284126222738,card,False,0
customer_1459,Chennai,leisure,standard,ota,6,2,4,0.3333333333333333,9914,2513,66,5,3,9,1496,2,0.5420295417844102,prepaid,False,1
customer_1460,Hyderabad,leisure,suite,corporate,11,0,11,0.0,16209,9584,90,2,2,6,759,3,0.9125065750547853,prepaid,True,0
customer_1461,Jaipur,leisure,suite,ota,10,2,8,0.2,2723,8044,11,1,2,12,715,3,0.9630188339062141,prepaid,True,0
customer_1462,Pune,business,suite,corporate,4,0,4,0.0,15935,7119,70,7,1,9,240,0,0.7113651280508115,prepaid,False,0
customer_1463,Kolkata,business,deluxe,direct,2,0,2,0.0,11275,8463,34,2,2,3,724,0,0.36499264706834744,pay_at_hotel,False,1
customer_1464,Delhi,business,standard,corporate,2,0,2,0.0,13019,10903,13,7,3,11,1322,1,0.7942677056789741,prepaid,True,0
customer_1465,Kolkata,business,suite,corporate,12,3,9,0.25,7925,4913,97,2,3,2,721,3,0.15569862610587848,card,True,0
customer_1466,Delhi,leisure,standard,corporate,14,1,13,0.07142857142857142,16455,12844,87,5,1,7,164,3,0.07857536724937997,prepaid,False,1
customer_1467,Bengaluru,business,standard,corporate,14,1,13,0.07142857142857142,12295,18288,71,5,3,5,93,3,0.6382693456625962,prepaid,False,0
customer_1468,Bengaluru,business,suite,corporate,11,1,10,0.09090909090909091,10917,10458,104,4,3,4,90,3,0.09521351599261951,pay_at_hotel,True,0
customer_1469,Kolkata,leisure,standard,corporate,10,1,9,0.1,17951,3987,38,2,4,2,465,2,0.2656534553896135,pay_at_hotel,True,0
customer_1470,Kolkata,business,standard,direct,6,1,5,0.16666666666666666,12100,2879,1,4,1,1,1349,2,0.20918510972003623,pay_at_hotel,False,0
customer_1471,Kolkata,business,deluxe,ota,14,1,13,0.07142857142857142,3868,12586,119,3,2,6,1052,1,0.16178361304365152,card,True,0
customer_1472,Kolkata,business,deluxe,ota,2,0,2,0.0,7273,17966,89,7,3,10,435,3,0.4773842135407116,card,True,0
customer_1473,Pune,leisure,deluxe,corporate,10,2,8,0.2,15888,19997,30,3,3,4,170,3,0.05388422973850182,card,True,0
customer_1474,Goa,business,standard,corporate,12,1,11,0.08333333333333333,7976,21761,89,4,4,11,411,0,0.8987518160686162,prepaid,False,1
customer_1475,Mumbai,leisure,deluxe,ota,12,2,10,0.16666666666666666,5130,6856,1,1,3,6,397,1,0.8539224725773574,card,True,0
customer_1476,Pune,leisure,suite,direct,4,1,3,0.25,6649,8437,112,5,2,3,578,0,0.6870161387127679,prepaid,False,0
customer_1477,Hyderabad,business,standard,direct,8,0,8,0.0,3311,5819,86,7,3,9,99,3,0.7480436233720882,pay_at_hotel,False,1
customer_1478,Mumbai,business,suite,direct,12,3,9,0.25,12730,5756,52,4,1,8,814,0,0.5088498556215773,prepaid,True,0
customer_1479,Pune,business,suite,direct,5,1,4,0.2,17145,3202,6,5,4,12,1084,3,0.21889866460195428,prepaid,False,0
customer_1480,Pune,business,suite,ota,1,1,0,1.0,17093,21109,61,1,3,6,399,1,0.34421289780276565,card,False,0
customer_1481,Bengaluru,leisure,deluxe,direct,7,3,4,0.42857142857142855,4582,7680,45,7,2,2,1002,0,0.9480344824842295,card,True,0
customer_1482,Mumbai,leisure,suite,corporate,9,1,8,0.1111111111111111,14529,12230,43,2,1,3,1228,1,0.8809739250217695,prepaid,False,1
customer_1483,Bengaluru,leisure,deluxe,ota,0,0,0,0.0,12642,6013,25,5,3,11,294,2,0.5324897408472081,prepaid,False,0
customer_1484,Bengaluru,business,standard,direct,6,0,6,0.0,11592,8924,14,7,1,1,150,2,0.11829912809413734,card,False,0
customer_1485,Delhi,business,suite,corporate,9,3,6,0.3333333333333333,16183,16297,45,3,1,4,1423,2,0.7179739212327281,prepaid,False,0
customer_1486,Chennai,business,standard,corporate,10,2,8,0.2,17941,8459,19,6,1,12,1194,1,0.6880543526632508,card,False,0
customer_1487,Kolkata,leisure,deluxe,corporate,1,0,1,0.0,13282,14234,92,2,2,4,375,2,0.5689617868342696,pay_at_hotel,False,0
customer_1488,Delhi,business,standard,ota,9,2,7,0.2222222222222222,12332,15827,11,6,3,4,660,0,0.5093165844104856,card,False,0
customer_1489,Kolkata,leisure,suite,corporate,4,2,2,0.5,10135,4364,14,1,3,7,1103,0,0.5888570705608768,card,True,0
customer_1490,Pune,leisure,suite,ota,7,0,7,0.0,5836,10080,62,3,3,12,531,3,0.702038661957203,card,True,0
customer_1491,Goa,business,deluxe,corporate,10,2,8,0.2,12161,15196,102,7,2,3,302,0,0.9625034538737999,pay_at_hotel,False,0
customer_1492,Chennai,leisure,suite,corporate,0,0,0,0.0,15225,11092,74,4,3,10,787,2,0.0028590206883423175,pay_at_hotel,True,0
customer_1493,Chennai,business,standard,ota,3,0,3,0.0,11385,17161,79,7,1,1,84,2,0.4615182160097113,card,False,1
customer_1494,Delhi,leisure,deluxe,corporate,6,0,6,0.0,4063,4173,84,4,2,7,205,2,0.532959625125667,card,True,0
customer_1495,Jaipur,leisure,standard,corporate,0,0,0,0.0,14703,11914,37,1,3,5,95,2,0.6665580925886957,pay_at_hotel,False,0
customer_1496,Pune,business,suite,ota,12,0,12,0.0,6205,13919,82,6,3,12,325,1,0.14897383622634341,pay_at_hotel,True,0
customer_1497,Goa,leisure,suite,direct,6,0,6,0.0,14751,14408,111,2,1,3,1313,1,0.8907640374569055,prepaid,False,0
customer_1498,Jaipur,business,suite,ota,8,0,8,0.0,12185,14968,89,6,3,6,487,2,0.5243287029609947,pay_at_hotel,False,0
customer_1499,Goa,business,standard,direct,2,1,1,0.5,2955,20472,89,4,1,5,201,0,0.4105481529788867,pay_at_hotel,False,1
